iteration	commit	started_at	propose_sec	implement_sec	test_sec	evaluate_sec	total_sec	tests_passed	tests_total	ts_check	score	status	description
1	bed41e3	2026-03-29T15:09:03+09:00	36	33	37	40	146	69	69	pass	8.4	keep	Add unit tests for conversation DAL functions
2	6e927df	2026-03-29T15:11:49+09:00	33	30	36	39	138	84	84	pass	8.4	keep	Add unit tests for pronunciation DAL functions
3	21e4d4c	2026-03-29T15:14:26+09:00	34	43	16	30	123	108	108	pass	8.4	keep	Add unit tests for vocabulary DAL functions
4	ed7860e	2026-03-29T15:16:48+09:00	48	42	16	34	140	123	123	pass	7.7	keep	Add input validation to routers + validation tests
5	17176b8	2026-03-29T15:19:27+09:00	61	69	16	43	189	128	128	pass	7.3	keep	Add LLM error handling in routers + error tests
6	0bd49de	2026-03-29T15:22:57+09:00	53	89	50	55	247	131	131	pass	8.0	keep	Add conversation difficulty level selection
7	67e30ab	2026-03-29T15:27:24+09:00	53	60	21	38	172	138	138	pass	8.1	keep	Extract dashboard queries into DAL module
8	9771382	2026-03-29T15:30:42+09:00	67	64	16	50	197	138	138	pass	7.7	keep	Add Pydantic response models to all endpoints
9	b94affc	2026-03-29T15:34:15+09:00	58	40	16	34	148	140	140	pass	7.7	keep	Add health check endpoint with DB verification
10	69c1691	2026-03-29T15:37:04+09:00	87	62	21	39	209	145	145	pass	7.7	keep	Add pronunciation progress tracking endpoint
11	087d7d7	2026-03-30T18:14:51+09:00	64	101	34	125	324	154	154	pass	7.25	keep	Add list-conversations endpoint for history review
12	1f8bccd	2026-03-30T18:20:43+09:00	108	127	18	67	320	154	154	pass	7.05	keep	Unify LLM error handling with safe_llm_call helper
13	dd9f764	2026-03-30T18:46:39+09:00	205	117	23	334	679	155	155	pass	7.8	keep	Make grammar check failure non-fatal in send_message
14	none	2026-03-30T11:11:03.062898+00:00	0	0	0	0	182	0	0	skip	0.0	crash	Propose failed
15	f912f94	2026-03-30T21:16:28+09:00	235	122	30	402	789	155	155	pass	7.25	keep	Add conversation history browsing UI
15	none	2026-03-30T11:14:05.321583+00:00	0	0	0	0	180	0	0	skip	0.0	crash	Propose failed
15	none	2026-03-30T11:27:38.642179+00:00	136	247	8	27	420	136	155	pass	4.95	discard	Add rate limiting for LLM endpoints
16	1a9db76	2026-03-30T21:43:20+09:00	124	118	19	48	309	155	155	pass	7.25	keep	Add ARIA labels and live regions for accessibility
17	8600a84	2026-03-30T22:10:44+09:00	131	65	15	55	266	156	156	pass	7.55	keep	Include vocabulary activity in dashboard feed
17	none	2026-03-30T10:44:57.705787+00:00	155	74	4	51	287	153	155	pass	5.65	discard	Display fluency score and feedback in pronunciation results
18	bc7e457	2026-03-30T22:17:20+09:00	79	39	22	59	199	159	159	pass	7.3	keep	Enhance logging middleware with timing and request IDs
18	none	2026-03-30T10:49:45.029610+00:00	0	0	0	0	180	0	0	skip	0.0	crash	Propose failed
19	6495ea5	2026-03-30T22:19:19+09:00	50	83	14	54	201	159	159	pass	7.15	keep	Add skeleton loading screens to Dashboard and Vocabulary
19	none	2026-03-30T10:52:45.196792+00:00	0	0	0	0	180	0	0	skip	0.0	crash	Propose failed
20	8b19229	2026-03-30T22:29:41+09:00	64	76	13	67	220	159	159	pass	7.0	keep	Improve mobile responsiveness with hamburger nav and responsive grids
20	none	2026-03-30T10:55:45.417839+00:00	0	0	0	0	180	0	0	skip	0.0	crash	Propose failed
21	1cd6639	2026-03-30T22:45:41+09:00	172	124	24	52	372	164	164	pass	7.55	keep	Persist conversation summary in database
22	53dfa7f	2026-03-30T22:52:08+09:00	133	144	12	125	414	164	164	pass	6.5	keep	Add reverse quiz mode (meaning-to-word) for vocabulary
23	d435b01	2026-03-30T22:55:07+09:00	389	24	14	369	796	164	164	pass	7.0	keep	Add keyboard text input to conversation chat as speech fallback
24	0c1109c	2026-03-30T23:09:08+09:00	271	35	14	184	504	165	165	pass	7.8	keep	Include vocabulary reviews in streak calculation
25	97e9c41	2026-03-30T23:44:03+09:00	58	0	11	86	918	11	470	pass	6.75	keep	Fetch topics from API instead of hardcoding in frontend
26	fc1761d	2026-03-30T15:47:09+00:00	347	83	485	92	1007	174	174	pass	7.5	keep	Add rate limiting for LLM endpoints
27	792c552	2026-03-30T15:51:02+00:00	147	41	45	78	311	181	181	pass	8.1	keep	Add integration tests for dashboard stats API
28	1a229bf	2026-03-30T16:03:06+00:00	101	55	1768	187	2111	181	181	pass	6.05	keep	Fix inconsistent date formatting with shared formatDate utility
29	acb6f39	2026-03-30T16:25:25+00:00	58	24	20	212	314	190	190	pass	8.1	keep	Add unit tests for RateLimiter module
30	ebd245f	2026-03-30T16:30:52+00:00	73	45	314	50	482	190	190	pass	7.0	keep	Add React Error Boundary for graceful crash recovery
31	4087046	2026-03-30T16:39:16+00:00	1141	106	30	1813	3090	199	199	pass	7.6	keep	Add DELETE endpoints for conversation cleanup
32	7eef2b8	2026-03-30T17:24:33+00:00	2095	57	3724	2450	8326	199	199	pass	6.7	keep	Add Delete button for past conversations in history list
33	ad6eb2b	2026-03-30T18:32:05+00:00	84	1592	1023	1057	3756	204	204	pass	7.55	keep	Add vocabulary mastery statistics endpoint
34	7835f2e	2026-03-30T19:28:15+00:00	93	1519	951	49	2612	213	213	pass	8.35	keep	Add unit tests for app/utils.py (safe_llm_call, get_topic_label)
35	e16e8a0	2026-03-30T19:58:44+00:00	1097	28	507	55	1687	217	217	pass	8.1	keep	Add integration tests for pronunciation progress endpoint
36	b887c47	2026-03-31T22:41:49+09:002455472524895220220	0	0	0	0	0	0	0	pass	7.8	keep	Add vocabulary due-for-review endpoint
37	8c51e36	2026-03-31T22:57:44+09:00163472844282221221	0	0	0	0	0	0	0	pass	7.55	keep	Fix timezone inconsistency in vocabulary DAL and streak calculation
38	8ceb287	2026-03-31T23:02:50+09:00192912763373227227	0	0	0	0	0	0	0	pass	7.55	keep	Add fill-in-the-blank vocabulary quiz mode
39	d8476d4	2026-03-31T23:09:27+09:001011842160366227227	0	0	0	0	0	0	0	pass	6.95	keep	Wire up fill-in-the-blank quiz mode in frontend UI
41	none	2026-03-31T23:21:09+09:00782723207335227227	0	0	0	0	0	0	0	pass	4.6	discard	Auto-end conversation when timer expires (TDZ bug)
42	748993b	2026-03-31T23:27:01+09:0003920118177227227	0	0	0	0	0	0	0	pass	6.7	keep	Auto-end conversation when 5-minute timer expires
43	475eb68	2026-03-31T23:30:16+09:00164981989370227227	0	0	0	0	0	0	0	pass	7.0	keep	Add pronunciation history and progress UI
44	671a3d4	2026-03-31T23:36:48+09:001231163574348229229	0	0	0	0	0	0	0	pass	7.8	keep	Add vocabulary due-for-review count to dashboard
45	a6f87f1	2026-03-31T23:42:57+09:001581178294451234234	0	0	0	0	0	0	0	pass	7.3	keep	Add vocabulary progress reset endpoint
46	4aa1c23	2026-03-31T23:50:49+09:001078113102303234234	0	0	0	0	0	0	0	pass	6.95	keep	Show stored conversation summary in history view
47	9135ba7	2026-03-31T23:56:11+09:00158781290338239239	0	0	0	0	0	0	0	pass	7.55	keep	Add vocabulary weak words endpoint for targeted review
48	9b1950f	2026-04-01T00:02:22+09:001331071490344246246	0	0	0	0	0	0	0	pass	7.55	keep	Add vocabulary word bank browse/search endpoint
49	efbe99a	2026-04-01T00:08:04+09:00151541590310250250	0	0	0	0	0	0	0	pass	7.8	keep	Deduplicate vocabulary words in save_words
50	409b38e	2025-06-09T14:36:00Z	15	45	20	10	90	257	257	pass	7.05	KEEP	Pronunciation history clear/delete endpoints
51	cf1f5b7	2025-06-09T14:39:08Z	15	120	60	15	210	259	259	pass	7.80	KEEP	Validate topic IDs against config (422 for unknown topics)
52	1025161	2025-06-09T14:44:00Z	10	30	15	10	65	260	260	pass	7.05	KEEP	Add quiz_type field to quiz response (multiple_choice/fill_blank)
53	765f26e	2025-06-09T14:45:00Z	10	30	12	8	60	262	262	pass	7.30	KEEP	save_attempt returns attempt_id, history includes id field
54	be1144b	2025-06-09T14:48:00Z	8	25	12	8	53	262	262	pass	6.70	KEEP	Add frontend API methods for delete/clear pronunciation+vocabulary
55	e8a621c	2025-06-09T14:51:00Z	10	30	15	10	65	266	266	pass	7.55	KEEP	Add vocabulary word deletion endpoint (DELETE /api/vocabulary/{word_id})
56	0db283a	2025-06-09T14:53:00Z	8	20	12	8	48	268	268	pass	6.95	KEEP	Add max_length validation to message/pronunciation inputs
57	86a6797	2025-06-09T14:55:00Z	8	15	12	8	43	269	269	pass	7.05	KEEP	Add compound indexes for vocabulary progress + pronunciation queries
58	d63a891	2025-06-09T14:57:00Z	10	40	15	10	75	271	271	pass	7.55	KEEP	Add conversations_by_difficulty breakdown to dashboard stats
59	938860f	2025-06-09T15:00:00Z	10	35	15	10	70	273	273	pass	7.30	KEEP	Add duration_seconds to conversation list endpoint
60	7da9e6c	2025-06-09T15:03:00Z	10	35	15	10	70	278	278	pass	7.55	KEEP	Add vocabulary export endpoint with progress data
61	8ec6973	2025-06-09T15:06:00Z	10	40	18	10	78	282	282	pass	7.55	KEEP	Add pronunciation score trend endpoint (improving/declining/stable)
62	8ac6a96	2025-06-09T15:10:00Z	10	40	15	10	75	284	284	pass	7.30	KEEP	Add grammar_accuracy stat to dashboard
63	df35449	2025-06-09T15:14:00Z	10	35	15	10	70	286	286	pass	7.05	KEEP	Add vocab_level_distribution to dashboard stats
64	d5711a8	2025-06-09T15:18:00Z	10	35	15	10	70	288	288	pass	7.05	KEEP	Add conversations_by_topic to dashboard stats
65	d23e1ae	2025-06-09T15:21:00Z	10	35	15	10	70	292	292	pass	7.30	KEEP	Add vocabulary topic-summary endpoint
66	55f8a4a	2026-04-01T11:45:32+09:00	97	40	134	81	051	590	298	pass	7.3	keep	Add retry logic with exponential backoff to safe_llm_call
67	553d914	2026-04-01T11:52:20+09:00	95	66	34	60	255	301	301	pass	7.0	keep	Add vocabulary review forecast endpoint
68	f611a60	2026-04-01T11:56:44+09:00	83	62	29	48	222	304	304	pass	7.3	keep	Add conversation export endpoint
69	eca3a85	2026-04-01T12:00:38+09:00	71	31	57	38	197	311	311	pass	8.1	keep	Add unit tests for conversation export DAL
70	0324fef	2026-04-01T12:04:04+09:00	66	40	52	37	195	320	320	pass	8.1	keep	Add unit tests for vocab forecast and due words DAL
71	e61331e	2026-04-01T12:07:29+09:00	49	67	25	49	190	324	324	pass	7.3	keep	Add pagination metadata to conversation list
72	85732b4	2026-04-01T12:11:16+09:00	66	48	29	55	198	330	330	pass	7.55	keep	Add conversation search by keyword
73	47b4c82	2026-04-01T12:15:27+09:00	65	80	30	55	230	335	335	pass	7.3	keep	Add pronunciation score distribution endpoint
74	18479b4	2026-04-01T12:18:46+09:00	80	71	33	50	234	341	341	pass	7.3	keep	Add daily learning activity history endpoint
75	f193285	2026-04-01T12:24:10+09:00	89	76	52	50	267	348	348	pass	7.55	keep	Add vocabulary quiz attempt history endpoint
76	fb8f144	2026-04-01T12:28:17+09:00	69	45	35	30	179	352	352	pass	7.3	keep	Add study streak milestones endpoint
77	b537a74	2026-04-01T12:32:23+09:00	81	29	35	30	175	354	354	pass	7.3	keep	Add vocabulary per-topic accuracy rate endpoint
78	6a6b790	2026-04-01T12:36:32+09:00	59	35	55	30	179	358	358	pass	7.3	keep	Add conversation duration stats endpoint
79	a61e59c	2026-04-01T12:39:21+09:00	0	47	30	0	77	358	358	pass	7.3	keep	Add frontend TypeScript API types for new endpoints
80	08dc348	2026-04-01T12:42:19+09:00	69	49	35	20	173	364	364	pass	7.3	keep	Add vocabulary batch import endpoint
81	3a2ed32	2026-04-01T12:46:30+09:00	54	50	40	20	164	370	370	pass	7.55	keep	Add vocabulary word edit endpoint
82	1e22dfc	2026-04-01T12:49:24+09:00	0	37	35	20	92	373	373	pass	7.3	keep	Add pronunciation personal records endpoint
83	4ca6b58	2026-04-01T12:53:18+09:00	0	19	30	20	69	374	374	pass	6.7	keep	Add application config summary endpoint
84	61914d5	2026-04-01T12:57:30+09:00	0	30	30	20	80	375	375	pass	7.0	keep	Add learning summary endpoint
85	4688d10	2026-04-01T13:00:15+09:00	107	70	42	20	239	383	383	pass	7.55	keep	Add vocabulary word favorites/bookmarks system
86	c365af0	2025-06-29T00:29:09Z	15	40	20	10	85	386	386	pass	7.3	kept	Add rate limit response headers (X-RateLimit-*)
87	8f08580	2025-06-29T00:31:34Z	10	50	20	10	90	390	390	pass	7.3	kept	Add grammar accuracy analytics endpoint
88	a7b0103	2025-06-29T00:34:59Z	10	60	25	10	105	397	397	pass	7.3	kept	Add vocabulary word notes/annotations
89	b292c83	2025-06-29T00:36:55Z	10	45	20	10	85	400	400	pass	7.3	kept	Add pronunciation weekly progress tracker
90	3edd464	2025-06-29T00:38:49Z	10	50	20	10	90	404	404	pass	7.3	kept	Add conversation topic recommendations endpoint
91	cce95c2	2025-06-29T00:39:46Z	5	30	15	5	55	404	404	pass	7.3	kept	Add frontend TypeScript types for iterations 86-90
92	5f0060e	2025-06-29T00:41:29Z	10	45	15	10	80	414	414	pass	7.3	kept	Add learning goals system with daily targets
93	68e9fab	2025-06-29T00:42:47Z	10	40	15	10	75	420	420	pass	7.3	kept	Add vocabulary difficulty auto-adjustment
94	c0ad33c	2025-06-29T00:44:59Z	10	50	20	10	90	427	427	pass	7.3	kept	Add word detail with similar words and progress
95	1b38bd8	2025-06-29T00:46:06Z	5	30	15	5	55	427	427	pass	7.3	kept	Expand smoke test and add final TypeScript types
96	fd35f26	2026-04-01T08:10:33Z	72	250	312	275	909	436	436	pass	7.55	keep	Add conversation message bookmarks
97	40a58ef	2026-04-01T09:10:00Z	0	0	0	0	0	439	439	pass	7.3	keep	Add pronunciation sentence categorization by difficulty
98	8b2f006	2026-04-01T14:17:13+00:00	149	110	580	83	922	444	444	pass	7.75	keep	Add vocabulary spaced repetition analytics endpoint
99	84cee4a	2026-04-01T14:33:15+00:00	86	129	979	77	1271	462	462	pass	8.05	keep	Add user preference settings persistence
100	a94304a	2026-04-01T14:41:30+00:00	155	154	383	88	780	465	465	pass	7.75	keep	Add conversation replay/review mode endpoint
101	b11f437	2026-04-01T14:54:56+00:00	169	90	410	72	741	472	472	pass	7.3	keep	Add pronunciation practice sentences from vocabulary
102	ecd4c31	2026-04-01T15:07:42+00:00	267	67	363	88	785	477	477	pass	7.0	keep	Add pronunciation weakness analysis endpoint
103	9117bc0	2026-04-01T15:14:25+00:00	153	75	415	48	691	480	480	pass	7.75	keep	Add conversation vocabulary crossover endpoint
104	46d907e	2026-04-01T15:26:15+00:00	203	106	303	62	674	490	490	pass	8.35	keep	Add unit tests for conversation replay and vocabulary DAL
105	8895589	2026-04-01T15:37:40+00:00	273	46	171	87	577	491	491	pass	8.25	keep	Fix missing db.commit() in update_message_feedback
106	9100ca8	2026-04-01T15:47:26+00:00	112	90	322	167	691	497	497	pass	7.75	keep	Add missing input validation bounds on pagination and goals
107	69d1abd	2026-04-01T15:59:07+00:00	136	83	330	123	672	500	500	pass	7.95	keep	Store difficulty level with pronunciation attempts
108	f12d894	2026-04-01T16:17:09+00:00	211	66	703	197	1177	501	501	pass	7.5	keep	Include message id and bookmark status in history endpoint
109	829f11c	2026-04-01T16:30:16+00:00	73	189	103	84	1007	510	510	pass	7.8	keep	Add unit tests for validate_topic and get_learning_summary
110	44280bf	2026-04-01T16:42:00+00:00	12	85	90	38	225	515	515	pass	7.3	keep	Add pronunciation retry suggestions endpoint
111	84de88c	2026-04-01T17:24:44+00:00	207	131	27	30	395	524	524	pass	7.55	keep	Add per-sentence pronunciation attempt history endpoint
112	6040842	2026-04-01T17:29:53+00:00	209	56	31	25	321	524	524	pass	7.5	keep	Consolidate standalone API functions to use request helper
113	93bd8c3	2026-04-01T17:34:53+00:00	203	170	0	25	314	530	530	pass	8.0	keep	Fix pronunciation score distribution gaps for float scores
114	398c533	2026-04-01T17:40:42+00:00	271	180	0	25	364	533	533	pass	8.25	keep	Fix substring false positives in conversation vocabulary matching
115	524cfad	2026-04-01T17:45:52+00:00	139	180	0	25	326	534	534	pass	8.0	keep	Pass sentence difficulty through pronunciation check and history flow
116	e081a05	2026-04-01T17:52:27+00:00	152	180	55	25	412	540	540	pass	7.5	keep	Add pronunciation progress breakdown by difficulty level
117	4aa146b	2026-04-01T17:59:44+00:00	129	200	99	30	458	549	549	pass	8.0	keep	Add cross-module learning insights endpoint
118	e2b4bc5	2026-04-02T00:01:55+00:00	40	360	59	46	999	155	255	pass	7.75	keep	Return 404 from conversation history for nonexistent IDs
119	67623bd	2026-04-02T00:10:00+00:00	0	0	0	0	0	552	552	pass	7.5	keep	Wire up auto_adjust_difficulty in vocabulary answer submission
120	3b61ecf	2026-04-02T13:47:20+00:00	436	60	388	99	983	555	555	pass	8.8	keep	Fix broken LLM retries — wrap coroutines in factory lambdas
121	392631c	2026-04-02T14:04:37+00:00	316	50	157	163	686	556	556	pass	7.75	keep	Fix _SCORE_BUCKETS metadata to match _classify_score contiguous ranges
122	79bfb2f	2026-04-02T14:38:10+00:00	307	63	33	341	744	561	561	pass	7.75	keep	Fix _estimate_difficulty ignoring conv_difficulty parameter
123	afce40b	2026-04-02T14:51:15+00:00	305	57	33	311	706	562	562	pass	7.8	keep	Fix pronunciation sentences returning empty when filtering by difficulty
124	3877f6a	2026-04-02T15:03:23+00:00	308	78	38	349	773	568	568	pass	8.1	keep	Escape SQL LIKE wildcards in search_words and conversation keyword filters
125	7d12862	2026-04-02T15:16:37+00:00	326	25	35	278	664	571	571	pass	7.75	keep	Validate individual values in batch preferences endpoint
126	22c6cbb	2026-04-02T15:34:44+00:00	454	38	37	683	1212	573	573	pass	7.75	keep	Fix get_score_trend reporting stable when previous window is empty
127	1fc61a6	2026-04-02T15:55:16+00:00	290	93	160	641	1184	575	575	pass	7.75	keep	Clear quiz_attempts when resetting vocabulary progress
128	f980ca2	2026-04-02T16:08:42+00:00	288	70	35	321	714	578	578	pass	7.75	keep	Validate pronunciation difficulty and vocabulary offset parameters
129	17da88a	2026-04-02T16:27:49+00:00	410	45	34	609	1098	579	579	pass	7.5	keep	Fix weekly comparison vocabulary count to use quiz_attempts for consistency
130	65b7464	2026-04-02T16:46:34+00:00	452	119	74	264	907	585	585	pass	7.55	keep	Validate path parameter IDs with Path(ge=1) for consistency
131	c17855f	2026-04-02T17:02:18+00:00	350	64	36	265	715	587	587	pass	8.0	keep	Add id tie-breaker to message ORDER BY for deterministic ordering
132	bb93ee0	2026-04-02T17:14:46+00:00	278	84	49	358	769	588	588	pass	7.75	keep	Fix get_retry_suggestions NULL score exclusion and missing tie-breaker
133	1e7eee8	2026-04-02T17:28:00+00:00	387	100	136	673	1296	589	589	pass	7.8	keep	Fix grammar accuracy inconsistency between dashboard and conversation endpoints
134	2f0ead8	2026-04-02T17:51:22+00:00	1438	159	67	431	2095	591	591	pass	7.8	keep	Fix get_due_word_ids returning non-due words in quiz generation
135	08e7906	2026-04-02T19:37:21+00:00	60	300	75	120	4563	593	593	pass	8.0	keep	Add id tie-breakers to 7 remaining ORDER BY clauses for deterministic results
136	eed714c	2026-04-02T19:59:01+00:00	45	180	60	90	1287	594	594	pass	7.8	keep	Add UNIQUE constraint on vocabulary_progress.word_id to prevent duplicates
137	5e270d2	2026-04-02T20:12:26+00:00	40	150	55	60	713	599	599	pass	7.8	keep	Clamp pronunciation score to 0-10 range in save_attempt
138	1c7693a	2026-04-02T20:31:49+00:00	50	200	55	60	1100	601	601	pass	8.0	keep	Fix dict.get null-value bug in LLM response processing
139	0cf1fc4	2026-04-02T21:12:52+00:00	55	350	55	60	2357	603	603	pass	7.8	keep	Fix inconsistent NULL next_review_at handling in due-word queries
140	d6587fe	2026-04-02T21:24:49+00:00	55	120	60	60	471	603	603	pass	7.75	keep	Fix nullable DB fields in vocabulary response models
141	cd1833f	2026-04-02T21:45:48+00:00	55	200	55	60	1158	605	605	pass	7.75	keep	Add try/except for json.loads in summary and pronunciation history
142	ef64135	2026-04-02T21:56:17+00:00	50	150	55	60	600	605	605	pass	7.75	keep	Make toggle_message_bookmark and toggle_favorite atomic
143	6d5e7d4	2026-04-02T22:24:36+00:00	50	250	55	60	1662	606	606	pass	7.5	keep	Consolidate 5 DB queries into 1 in get_srs_analytics level_summary
144	d17dbe0	2026-04-02T22:35:50+00:00	50	180	55	60	602	607	607	pass	7.75	keep	Ensure consistent message schema in conversation history
145	772fae9	2026-04-02T22:42:19+00:00	50	120	55	60	288	607	607	pass	7.5	keep	Add 4 missing indexes for frequently queried columns
146	a9062b2	2026-04-02T23:18:47+00:00	80	300	55	60	2121	609	609	pass	8.0	keep	Make end_conversation status transition atomic to prevent race condition
147	4c38a5f	2026-04-02T23:24:58+00:00	55	180	55	60	330	613	613	pass	7.75	keep	Add max_length limits to unbounded text fields
148	1440f4a	2026-04-02T23:31:24+00:00	55	200	55	60	347	617	617	pass	7.8	keep	Guard save_words against malformed LLM question dicts
149	a6254d0	2026-04-02T23:44:19+00:00	55	300	55	60	697	620	620	pass	7.5	keep	Add stale conversation cleanup with auto-expiry
150	1a651fa	2026-04-02T23:54:14+00:00	55	180	55	60	510	620	620	pass	7.75	keep	Sync frontend TypeScript interfaces with backend API responses
151	1f13bb1	2026-04-03T00:17:55+00:00	55	300	60	60	1382	621	621	pass	8.1	keep	Fix dashboard activity tracking using quiz_attempts instead of last_reviewed
152	e108735	2026-04-03T15:38:30Z	850	54	58	69	1031	622	622	pass	7.8	keep	Make end_conversation summary generation non-fatal on LLM failure
153	5c2e002	2026-04-03T15:53:19Z	314	52	56	441	863	625	625	pass	7.3	keep	Normalize LLM pronunciation feedback and fix score default of 0
154	cc50172	2026-04-03T16:35:46Z	2170	43	78	241	2532	633	633	pass	8.1	keep	Validate and clamp LLM-generated difficulty in save_words
155	7e96033	2026-04-03T16:43:47Z	292	32	57	88	469	635	635	pass	7.55	keep	Clamp pronunciation scores in _normalize_feedback to [0, 10]
156	676cd86	2026-04-03T17:02:29Z	740	54	53	262	1109	637	637	pass	7.5	keep	Fix fill-blank quiz word-boundary matching and missing-blank edge case
157	ac1f0de	2026-04-03T17:12:54Z	387	51	56	118	612	640	640	pass	7.55	keep	Fix truthiness check discarding empty dict feedback/summary in DAL
158	4f2e7b9	2026-04-03T17:31:32Z	409	33	48	612	1102	640	640	pass	6.5	keep	Handle null overall_score in frontend pronunciation result display
159	aa80869	2026-04-03T17:46:27Z	520	126	51	183	880	644	644	pass	7.8	keep	Fix streak dropping to 0 before daily activity despite active streak
160	03d5c01	2026-04-03T18:05:33Z	815	45	58	215	1133	645	645	pass	7.8	keep	Build proper wrong_options for LLM-generated vocabulary quiz path
161	b091f01	2026-04-03T18:43:26Z	1194	103	61	902	2260	646	646	pass	7.8	keep	Normalize grammar feedback to prevent frontend crash on missing fields
162	01a43be	2026-04-03T19:09:56Z	1330	79	84	83	1576	648	648	pass	8.05	keep	Normalize conversation summary to prevent frontend crash on non-array key_vocabulary
163	d2878d7	2026-04-03T19:20:30Z	421	36	69	91	617	649	649	pass	7.8	keep	Clean up orphaned conversation when LLM fails in start_conversation
164	f9ed289	2026-04-03T19:35:52Z	716	49	61	78	904	650	650	pass	7.55	keep	Include abandoned conversations in bulk delete cleanup
165	baffd36	2026-04-03T19:55:45Z	547	56	64	112	779	651	651	pass	8.35	keep	Fix get_vocabulary_stats miscounting total_words from wrong table
166	2b971a2	2026-04-03T20:37:54Z	2287	66	88	71	2512	652	652	pass	7.55	keep	Clean up orphaned user message when LLM fails in send_message
167	4895cbb	2026-04-03T21:04:58Z	1353	71	69	106	1599	654	654	pass	7.8	keep	Fix _parse_json returning list for markdown-fenced JSON arrays
168	b652c71	2026-04-03T21:22:28Z	1135	116	69	113	1433	655	655	pass	8.05	keep	Use message ID instead of content matching in update_message_feedback
169	f765426	2026-04-03T21:42:43Z	461	25	51	45	582	656	656	pass	8.05	keep	Fix get_sentences_from_conversations ignoring limit parameter
170	8107441	2026-04-03T22:19:16Z	2202	38	49	127	2416	658	658	pass	7.8	keep	Handle _parse_json items key fallback in generate_quiz endpoint
171	ee24ffd	2026-04-03T22:53:04Z	446	87	50	218	801	670	670	pass	7.8	keep	Fix bool coercion of LLM string false in grammar feedback normalization
173	none	2026-04-04T02:30:06Z	116	60	838	308	1322	670	670	pass	5.65	discard	Add pronunciation comparison playback with model vs user recording
174	24f26ea	2026-04-04T02:46:12Z	687	124	69	72	952	673	673	pass	7.25	keep	Add phoneme-level pronunciation mistake patterns endpoint
175	b5cf25b	2026-04-04T02:52:13Z	141	61	78	61	341	675	675	pass	7.55	keep	Add database migration version tracking with schema_migrations table
176	c274d39	2026-04-04T03:04:56Z	595	23	62	62	742	675	675	pass	7.8	keep	Fix save_attempt defaulting non-numeric score to 0.0 instead of None
177	2379b55	2026-04-04T03:16:41Z	510	51	74	60	695	679	679	pass	8.35	keep	Fix get_grammar_accuracy treating string false is_correct as truthy
178	ce211ad	2026-04-04T03:23:20Z	201	48	72	65	386	682	682	pass	7.8	keep	Fix get_grammar_stats SQL miscounting string true is_correct values
179	11bad7a	2026-04-04T03:39:23Z	782	43	74	55	954	683	683	pass	7.55	keep	Fix build_quiz producing duplicate wrong options from shared meanings
180	f78d429	2026-04-04T03:54:58Z	750	47	61	63	921	686	686	pass	7.8	keep	Fix _parse_json greedy regex losing JSON when response has trailing braces
181	b1c02ce	2026-04-04T04:07:13Z	448	44	130	67	689	687	687	pass	7.55	keep	Fix _calculate_longest_streak returning 1 when no valid dates exist
182	none	2026-04-04T06:21:39Z	124	58	48	831	1061	687	687	pass	5.95	discard	Add conversation speed control for AI speech rate (slow/normal/fast)
183	b1d56b0	2026-04-04T06:48:58Z	152	87	40	701	980	687	687	pass	6.7	keep	Add conversation speed control for AI speech rate (slow/normal/fast)
184	d9ba608	2026-04-04T06:52:58Z	190	279	40	742	1211	687	687	pass	7.25	keep	Add conversation key phrase highlight with tap-to-hear pronunciation
185	94dd210	2026-04-04T07:13:37Z	143	227	40	706	1116	687	687	pass	6.95	keep	Add quick drill mode for vocabulary with timed flashcard review
188	none	2026-04-04T15:58:09Z	198	39	53	77	367	694	694	pass	5.95	discard	Add API versioning prefix via URL-rewriting middleware
189	706ee7c	2026-04-04T16:04:32Z	453	68	59	72	652	687	687	pass	7.25	keep	Fix vocabulary sentences returning raw topic IDs instead of labels
190	8176e33	2026-04-04T16:12:21Z	715	84	53	69	921	691	691	pass	7.0	keep	Fix duplicated scenario/role in conversation system prompt
191	4b59ab2	2026-04-04T16:17:56Z	264	50	61	45	420	692	692	pass	8.35	keep	Fix inconsistent mastery threshold in SRS analytics level_summary
192	263c898	2026-04-04T16:25:11Z	552	84	52	50	738	692	692	pass	7.25	keep	Fix dashboard conversations_by_topic returning raw topic IDs
193	a9b227b	2026-04-04T16:27:43Z	763	41	48	123	975	692	692	pass	6.95	keep	Fix vocabulary stats/topic-summary/topic-accuracy returning raw topic IDs
194	318af90	2026-04-04T16:34:15Z	370	30	57	74	531	693	693	pass	7.8	keep	Fix SRS analytics accuracy returned as decimal instead of percentage
195	e467b32	2026-04-04T16:43:22Z	643	59	60	88	850	694	694	pass	7.55	keep	Fix strongest_area == weakest_area when module strengths are tied
196	80eac89	2026-04-04T16:51:07Z	562	53	56	81	752	694	694	pass	7.25	keep	Fix is_bookmarked returned as integer 0/1 instead of boolean
197	637ab56	2026-04-04T16:57:16Z	136	53	58	76	323	694	694	pass	7.25	keep	Fix is_favorite returned as integer 0/1 instead of boolean
198	9cc11ce	2026-04-04T17:02:55Z	305	36	55	53	449	701	701	pass	8.6	keep	Fix path traversal vulnerability in SPA fallback route
199	0bc0c07	2026-04-04T17:07:20Z	120	46	53	52	271	702	702	pass	7.8	keep	Fix race condition in CopilotService._ensure_client allowing unstarted client use
200	365ff4f	2026-04-04T17:18:46Z	869	61	75	45	1050	703	703	pass	7.8	keep	Fix connection leak in get_db() when PRAGMA execution fails
201	5e47b17	2026-04-04T17:31:41Z	440	83	129	57	709	706	706	pass	7.3	keep	Fix unbounded memory growth in RateLimiter._requests dict
202	5de7c06	2026-04-05T04:10:48+09:00	0	100	56	64	1224	709	709	pass	7.8	keep	Fix NaN pronunciation scores silently stored as perfect 10.0
203	a09b8d8	2026-04-05T04:19:43+09:00	0	35	58	78	535	709	709	pass	7.5	keep	Fix sentence-history summary computed from truncated window
204	f5ec0df	2026-04-05T04:46:03+09:00	0	50	52	63	1538	709	709	pass	7.25	keep	Fix off-by-one in activity-history returning days+1 entries
205	f40a9ff	2026-04-05T05:08:25+09:00	0	39	47	71	1325	710	710	pass	7.55	keep	Fix off-by-one in review forecast returning days+1 window
206	14a332b	2026-04-05T09:54:26+09:00	0	0	0	0	0	710	710	pass	7.0	keep	Add daily practice reminder UI on home page
207	none	2026-04-05T00:57:38Z	86	66	53	333	538	710	710	pass	5.7	discard	Add pronunciation comparison playback (model vs user recording)
208	52ca20a	2026-04-05T01:03:47Z	544	154	72	63	833	710	710	pass	7.25	keep	Fix 5 conversation endpoints returning raw topic IDs instead of labels
209	none	2026-04-05T03:47:18Z	131	161	512	94	898	710	710	pass	5.4	discard	Add conversation replay UI with turn-by-turn audio playback
210	4bae345	2026-04-05T04:02:24Z	193	61	46	585	885	710	710	pass	6.7	keep	Add pronunciation accuracy visual in history with expandable word-level feedback
211	1df2867	2026-04-05T04:18:05Z	170	119	47	575	911	710	710	pass	6.7	keep	Add offline fallback for vocabulary review with localStorage cache
212	36dc583	2026-04-05T04:30:43Z	530	90	59	57	736	710	710	pass	7.25	keep	Fix 6 vocabulary endpoints returning raw topic IDs instead of labels
213	be1911e	2026-04-05T05:59:50Z	3902	233	774	426	5335	710	710	pass	7.25	keep	Fix 4 more vocabulary endpoints returning raw topic IDs instead of labels
214	de6c33e	2026-04-05T10:56:36Z	17608	82	54	49	17793	710	710	pass	7.25	keep	Fix off-by-one in weekly comparison: this_week spans 8 days vs 7
215	3826919	2026-04-05T11:12:54Z	824	24	57	54	959	710	710	pass	7.15	keep	Fix pronunciation get_progress total_attempts undercounting NULL-scored attempts
216	1fad2bf	2026-04-05T11:31:55Z	1936	63	55	73	1127	717	717	pass	8.35	keep	Fix _normalize_grammar_feedback defaulting is_correct to True despite errors
217	c439baa	2026-04-05T11:51:01Z	965	23	56	89	1133	717	717	pass	7.45	keep	Fix double-counting of mastered words in SRS level_summary
218	ae13446	2026-04-05T12:12:53Z	1158	37	54	48	1297	719	719	pass	7.8	keep	Fix _normalize_grammar_feedback inferring is_correct=True when errors is non-list
219	7fb770d	2026-04-05T12:23:39Z	463	66	56	46	631	723	723	pass	8.35	keep	Fix str(None) producing literal None in summary and feedback normalizers
220	ef6c4f7	2026-04-05T12:37:54Z	707	18	53	64	842	723	723	pass	7.65	keep	Fix get_drill_words excluding NULL next_review_at from due words
221	69d8a1c	2026-04-05T13:55:06Z	4444	52	54	65	4615	723	723	pass	7.5	keep	Fix mastery_velocity using last_reviewed instead of actual mastery date
222	88f49a2	2026-04-05T14:06:37Z	522	30	54	69	675	723	723	pass	6.7	keep	Fix save_words producing duplicate quiz questions from LLM batch
223	e46b202	2026-04-05 23:18:42	0	44	124	88	256	724	724	pass	7.25	kept	Validate topics in vocabulary batch import endpoint
224	c212495	2026-04-05 23:37:39	0	37	39	43	119	728	728	pass	7.8	kept	Fix str(None) in list items producing None in normalizers
225	6a399a3	2026-04-05 23:46:14	0	81	81	55	217	731	731	pass	7.8	kept	Fix grammar errors list-of-strings silently dropped
226	de106cf	2026-04-05 23:59:13	0	107	107	60	274	735	735	pass	7.55	kept	Fix suggestions/focus_areas/common_patterns non-list values dropped
227	1e0cc6a	2026-04-05T15:19:50Z	133	114	46	491	784	735	735	pass	6.3	kept	Enhance daily practice card with module strengths, weekly progress, and goal setup
228	9aea0cc	2026-04-05T15:35:12Z	110	138	43	606	897	735	735	pass	6.55	kept	Add conversation replay UI with turn-by-turn stepper and TTS
229	9f86097	2026-04-05T15:43:14Z	101	146	42	170	459	735	735	pass	6.3	kept	Add pronunciation comparison playback with audio recorder hook
230	019d21b	2026-04-05T16:08:39Z	138	206	203	455	1002	739	739	pass	6.6	kept	Complete daily practice card with today's activity, goal management, and celebration
231	da785c8	2026-04-05T16:18:26Z	302	86	114	60	562	746	746	pass	6.5	kept	Add API versioning prefix via URL-rewriting middleware
232	6cfffe4	2026-04-05T16:34:41Z	776	74	48	55	953	762	762	pass	8.1	kept	Fix pronunciation score parsing losing valid scores in string formats
233	8e34ffb	2026-04-05T16:43:47Z	406	38	44	44	532	763	763	pass	7.8	kept	Add min_length validation to UpdateWordRequest.meaning
234	26b388e	2026-04-05T17:06:41Z	524	53	403	378	1358	766	766	pass	7.8	kept	Fix is_correct=None in grammar/pronunciation normalizers defaulting to True
235	fcd0654	2026-04-05T23:57:16Z	24433	68	45	73	24619	767	767	pass	7.8	kept	Fix quiz returning fewer questions than requested when LLM path produces gaps
236	79c023e	2026-04-06T00:19:49Z	1083	116	62	77	1338	771	771	pass	7.55	kept	Return 409 instead of 404 when ending an already-ended conversation
237	3d9cad6	2026-04-06T00:37:16Z	883	53	49	49	1034	772	772	pass	8.05	kept	Fix health check DB connection leak from misused async generator
238	72cd6d1	2026-04-06T00:52:38Z	717	62	57	72	908	772	772	pass	7.25	kept	Fix unbounded full-table scans in get_daily_activity and add missing index
239	549c08d	2026-04-06T01:00:49Z	253	58	96	69	476	774	774	pass	7.8	kept	Fix phoneme_issues key mismatch between normalizer, DAL, and frontend
240	b43cd60	2026-04-06T01:09:37Z	278	48	102	85	513	775	775	pass	7.8	kept	Fix vocabulary export/import round-trip: export includes topic_id
241	60f04e8	2026-04-06T01:19:52Z	126	396	46	32	600	778	778	pass	7.3	kept	Fix config load_config crash on non-dict YAML root
242	48fb4b3	2026-04-06T02:00:31Z	2115	53	128	127	2423	779	779	pass	6.3	kept	Fix race: send_message adds messages to ended conversations
243	c952e0b	2026-04-06T02:13:28Z	512	56	118	76	762	782	782	pass	7.8	kept	Fix IndexError in update_progress when level exceeds SM2_INTERVALS bounds
244	c88fa32	2026-04-06	342	44	46	70	502	784	784	pass	7.0	KEPT	Add Retry-After and rate limit headers to 429 responses
245	96fcb38	2026-04-06	10	38	70	99	137	787	787	pass	7.55	KEPT	Fix _parse_score mishandling low percentage scores
246	f0bc80c	2026-04-06	10	43	44	85	172	788	788	pass	7.25	KEPT	Return 409 for send_message to ended conversation
247	0c5d33f	2026-04-06	10	53	32	96	149	792	792	pass	8.05	KEPT	Fix word_feedback key mismatch word to expected in normalizer
248	9de2ed5	2026-04-06	10	175	60	541	716	793	793	pass	8.05	KEPT	Fix pronunciation analysis ignoring pre-normalization feedback keys
249	c424061	2026-04-06	10	28	31	91	119	799	799	pass	8.35	KEPT	Fix _parse_score mishandling fraction scores with non-10 denominators
250	c927f64	2026-04-06	160	228	228	261	649	810	810	pass	7.8	KEPT	Add dictation mode for listening comprehension practice
251	fedb192	2026-04-06	159	197	133	133	489	814	814	pass	7.5	KEPT	Add mistake journal to review errors across all modules
252	6a5bbc7	2026-04-06	124	288	108	108	520	823	823	pass	7.8	KEPT	Add sentence reordering exercise mode to vocabulary practice
253	d4bcd79	2026-04-07T01:13:00+09:00	0	0	0	0	0	0	0	pass	7.0	keep	Add achievement badge system for learning motivation
254	22ca375	2026-04-06T16:37:08Z	39	544	569	99	1251	830	830	pass	7.3	KEPT	Add per-conversation performance metrics to summary view
255	cb2e15b	2026-04-06T16:52:06Z	204	62	523	98	887	830	830	pass	6.5	KEPT	Add speech speed control to Pronunciation practice page
256	ba4e458	2026-04-06T17:02:52Z	427	38	66	108	639	830	830	pass	7.0	KEPT	Fix unbounded full-table scans in _get_recent_activity and streak helpers
257	28e6b9a	2026-04-06T17:17:37Z	253	38	402	187	880	830	830	pass	6.95	KEPT	Fix missing topic emojis in past conversations list
258	9ce1f89	2026-04-06T17:26:47Z	226	38	180	98	542	831	831	pass	8.1	KEPT	Fix achievements streak showing 0 when no activity today
259	df1e1bd	2026-04-06T17:35:28Z	277	24	122	91	514	832	832	pass	8.05	KEPT	Fix achievements vocab mastery threshold inconsistent with rest of app
260	b38706f	2026-04-06T17:45:22Z	362	26	118	81	587	834	834	pass	7.8	KEPT	Fix achievements dedicated_10 study_days counting only conversation days
261	9eef726	2026-04-06T18:00:48Z	493	57	298	71	919	834	834	pass	7.15	KEPT	Fix conversation page ignoring 409 errors leaving user stuck in chat
262	59a74a7	2026-04-06T18:11:50Z	490	32	50	83	655	834	834	pass	7.5	KEPT	Fix TTS and audio recorder not cleaned up on component unmount
263	9068ff0	2026-04-06T18:24:47Z	450	125	117	79	771	838	838	pass	7.8	KEPT	Fix grammar feedback normalizer producing undefined renders in UI
264	9a8a09d	2026-04-07	31	269	320	112	732	838	838	pass	7.05	KEPT	Fix conversation history view missing detailed grammar feedback
265	7037746	2026-04-07	291	160	423	59	933	838	838	pass	6.7	KEPT	Add conversation session duration selector and extend button
266	ea2b347	2026-04-07	154	88	611	80	933	838	838	pass	7.25	KEPT	Add per-message listen button to conversation chat bubbles
267	cbf8a9c	2026-04-07	187	87	369	67	710	838	838	pass	6.95	KEPT	Add corrections review with TTS to conversation summary screen
268	e6c7761	2026-04-07	336	166	30	75	607	839	839	pass	7.0	KEPT	Add date bounds to weekly comparison and today activity queries
269	f529e79	2026-04-07	348	258	270	72	948	841	841	pass	7.8	KEPT	Fix unbounded full-table scans in pronunciation analytics functions
270	dc30240	2026-04-07	117	226	599	112	1054	844	844	pass	7.5	KEPT	Add post-conversation comprehension quiz on summary screen
271	a79369c	2026-04-07	106	250	136	400	892	852	852	pass	7.4	KEPT	Add minimal pairs listening exercise to Pronunciation page
272	ef80ebb	2026-04-07	354	43	111	72	580	854	854	pass	7.8	KEPT	Fix quiz validation rejecting valid LLM output for correct_index
273	e66d98e	2026-04-07	224	51	55	75	405	854	854	pass	7.25	KEPT	Fix unbounded full-table scans in grammar accuracy and conversation vocabulary
274	c93fbfd	2026-04-07	250	109	47	113	519	854	854	pass	6.55	KEPT	Add live grammar accuracy HUD and correction TTS to conversation chat
275	cdee639	2026-04-07	408	76	52	88	624	854	854	pass	7.25	KEPT	Merge phrase suggestion and key phrase extraction into single LLM call
276	3fa4a69	2026-04-07	146	85	46	107	384	854	854	pass	6.6	KEPT	Add listening comprehension mode to conversation chat
277	66f41d4	2026-04-07T10:36:07+09:00	0	0	0	0	0	0	0	pass	7.0	keep	Add unit tests for vocabulary get_drill_words and get_sentence_build_exercises
278	none	2026-04-07	208	96	47	131	482	862	862	pass	5.2	DISCARDED	Add correction speaking drill to conversation summary screen
279	47727c1	2026-04-07	201	59	45	49	354	869	869	pass	8.35	KEPT	Add unit tests for dashboard get_mistake_journal function
281	none	2026-04-07	200	209	55	943	1407	869	869	pass	5.65	DISCARDED	Add pronunciation tongue twister drill with speed progression
282	0ba122e	2026-04-07	128	100	81	303	612	869	869	pass	6.35	KEPT	Add pronunciation tongue twister drill with speed progression
283	cd34ec1	2026-04-07	202	174	54	405	835	869	869	pass	7.6	KEPT	Add vocabulary sentence craft — write sentences using given words, AI evaluates
284	85f08bc	2026-04-07	119	89	69	495	772	869	869	pass	7.05	KEPT	Add shadowing mode waveform visualization for audio comparison
285	322c48b	2026-04-08	180	90	60	400	730	869	869	pass	7.1	KEPT	Add conversation topic favoriting with star toggle
286	1cda7b3	2026-04-08	200	100	70	450	820	869	869	pass	7.7	KEPT	Split Pronunciation.tsx into sub-components
287	188f113	2026-04-08	150	80	50	400	680	869	869	pass	7.15	KEPT	Split Dashboard.tsx into sub-components
288	cea82bd	2026-04-08	120	60	40	0	220	876	876	pass	8.1	KEPT	Add 7 integration tests for conversation quiz edge cases
289	064fb76	2026-04-08	100	50	30	0	180	883	883	pass	8.1	KEPT	Add 7 integration tests for minimal pairs pronunciation endpoint
290	68285e4	2026-04-08	159	200	1066	131	1556	888	888	pass	7.7	KEPT	Add vocabulary word grouping by mastery tier with visual tier view
291	f895f05	2026-04-08	114	160	40	84	398	888	888	pass	6.5	KEPT	Add dark mode toggle with persisted preference
292	b68aba6	2026-04-08	109	200	393	75	777	888	888	pass	6.9	KEPT	Add pronunciation recording history playback with IndexedDB
293	6fff4ce	2026-04-08	149	116	1056	60	1381	888	888	pass	7.6	KEPT	Add role swap briefing panel with role context and professional phrases
294	8e2bd46	2026-04-08	91	77	56	78	302	888	888	pass	6.2	KEPT	Add connection health indicator in UI header
295	344a024	2026-04-08	87	61	302	70	520	888	888	pass	7.35	KEPT	Add request retry with exponential backoff and retry banner
296	7258a2e	2026-04-08	106	78	400	77	661	888	888	pass	6.45	KEPT	Cache conversation topics in localStorage with stale-while-revalidate
297	80c6221	2026-04-08	139	139	600	103	981	888	888	pass	7.95	KEPT	Add keyboard shortcuts panel with Ctrl+Enter, Escape, M, ? keys
298	3aa3377	2026-04-08	92	126	486	68	772	888	888	pass	7.45	KEPT	Improve conversation chat mobile layout with collapsible header and larger touch targets
299	2cd6c75	2026-04-07	129	119	810	88	1146	888	888	pass	7.15	KEPT	Add dashboard weekly progress report with copy-to-clipboard
300	ac1a043	2026-04-07	94	100	331	56	581	888	888	pass	7.40	KEPT	Add animated transitions between conversation phases
301	4d2de5c	2026-04-07	86	60	64	63	273	890	890	pass	6.5	KEPT	Add database WAL checkpoint scheduling for long-running instances
302	5a2e728	2026-04-08	101	73	49	789	1012	890	890	pass	7.0	KEPT	Add onboarding flow for first-time users with guided tooltips
303	4180158	2026-04-08	143	76	47	523	789	890	890	pass	6.95	KEPT	Add correction drill exercise to conversation summary
304	b769ece	2026-04-08	238	205	61	598	1102	896	896	pass	6.85	KEPT	Add shadowing exercise to conversation summary for speaking practice
305	3042bc2	2026-04-08	319	140	831	64	1354	901	901	pass	7.55	KEPT	Add per-conversation grammar accuracy trend chart to dashboard
306	906568f	2026-04-08	170	120	312	79	681	906	906	pass	7.75	KEPT	Add fluency metrics to conversation summary
307	f99bb91	2026-04-08	96	199	289	63	647	906	906	pass	7.35	KEPT	Add dictation exercise to conversation summary for listening practice
308	383251b	2026-04-08	370	66	629	60	1125	906	906	pass	7.4	KEPT	Add topic practice stats badges to conversation topic selection cards
309	7d28339	2026-04-08	223	85	568	136	1012	906	906	pass	7.35	KEPT	Add cloze fill-in-the-blank exercise for key phrases in conversation summary
310	6f18a8f	2026-04-08	154	253	407	406	813	906	906	pass	6.65	KEPT	Add mistake review drill to practice past errors from Mistake Journal
311	2274655	2026-04-08	145	290	490	99	734	906	906	pass	7.15	KEPT	Add speaking confidence score with trend tracking on dashboard
312	081c15a	2026-04-08	126	274	688	95	909	906	906	pass	6.9	KEPT	Add daily challenge card on Home page with personalized task
313	11972c5	2026-04-09	107	214	564	68	632	906	906	pass	7.40	KEPT	Add word-of-the-day card on Home page with TTS and practice link
314	847cb76	2026-04-09	155	181	630	89	874	906	906	pass	7.2	KEPT	Add bookmarks review panel to Conversation page
315	a66ba57	2026-04-10	90	300	42	55	487	952	952	pass	6.45	KEPT	Add session analytics with time spent per exercise type on Dashboard
316	none	2026-04-10	199	205	369	162	935	952	952	pass	4.8	DISCARDED	Add vocabulary etymology/word origin with LLM lookup
317	b0da3e6	2026-04-10	100	280	44	58	482	955	955	pass	7.55	KEPT	Add vocabulary etymology with LLM lookup, caching, and tests
318	none	2026-04-10	95	350	43	65	553	955	955	pass	5.7	DISCARDED	Add multi-language UI support framework
319	none	2026-04-10	85	200	40	50	375	955	955	pass	5.1	DISCARDED	Add inline correction practice drill to FeedbackPanel
320	none	2026-04-10T15:16:20+09:00	120	300	45	60	525	960	960	pass	5.5	DISCARDED	Rich Markdown transcript download with inline grammar feedback
321	bf13193	2026-04-11	172	192	42	60	466	958	958	pass	7.2	KEPT	Add achievement unlock celebration toasts on Home page
322	aaae7c5	2026-04-11	206	230	42	55	533	959	959	pass	7.1	KEPT	Add Grammar Notes Collection Panel in conversation chat phase
323	3d42ca6	2026-04-11	268	250	42	55	615	964	964	pass	7.3	KEPT	Add session progress comparison in conversation summary
324	60601f8	2026-04-11	206	280	42	55	583	968	968	pass	7.4	KEPT	Add listening quiz score history tracking with progress panel
325	fda5077	2026-04-11	175	310	43	55	583	971	971	pass	7.5	KEPT	Add situational response speaking drill on Pronunciation page
326	ec89bfd	2026-04-11	175	300	43	55	573	974	974	pass	7.3	KEPT	Add sentence expand drill to Pronunciation page
327	ebb88ee	2026-04-11	180	280	43	55	558	977	977	pass	7.3	KEPT	Add echo practice to Listening quiz results page
328	5fbcb6f	2026-04-11	163	120	58	379	720	978	978	pass	6.45	KEPT	Add shareable visual summary card to conversation summary
329	b9330bf	2026-04-11	162	53	52	283	550	978	978	pass	6.7	KEPT	Add Anki-compatible CSV study card export from conversation summary
330	d0500b2	2026-04-11	190	53	57	323	623	978	978	pass	6.5	KEPT	Add cloze listening drill to Listening quiz results page
331	467f4c1	2026-04-11	263	117	331	84	795	980	980	pass	7.05	KEPT	Add listen-and-summarize speaking drill to Listening quiz results
332	eaeb2d5	2026-04-11	165	80	431	90	766	980	980	pass	6.2	KEPT	Add speak-the-correction drill to conversation summary
333	b8cc9a1	2026-04-11	25	120	60	15	220	993	993	pass	8.05	kept	Unit tests for get_skill_radar, get_weekly_report, get_session_analytics
334	278fddd	2026-04-11	20	15	45	15	95	994	994	pass	7.25	kept	Fix dead-code wrong-property bug in Listening quiz score calculation
335	583930a	2026-04-11	30	90	50	15	185	994	994	pass	6.2	kept	Add i18n framework with Japanese locale for app shell
336	30e8297	2026-04-11	25	60	45	15	145	994	994	pass	6.95	kept	Add Audio Quiz mode to Vocabulary — hear word, select meaning
337	36bd1f1	2026-04-11	25	80	45	15	165	994	994	pass	6.65	kept	Add self-paced Flashcard review mode to Vocabulary page
338	6126b9d	2026-04-11	20	60	45	15	140	1004	1004	pass	8.1	kept	Add integration tests for 10 untested dashboard router endpoints
339	314980c	2026-04-11	25	45	45	15	130	1004	1004	pass	6.75	kept	Add adjustable playback speed control to Listening quiz page
340	f3ead5c	2026-04-11	20	60	45	15	140	1013	1013	pass	8.1	kept	Add integration tests for 9 untested conversation router endpoints
341	aa431b7	2026-04-11	25	120	45	30	220	1013	1013	pass	7.55	kept	Extract VocabDrillMode and VocabFlashcardMode from Vocabulary.tsx
342	7757176	2026-04-11	20	50	45	15	130	1019	1019	pass	7.95	kept	Add integration tests for vocabulary drill, tiers, and sentence-craft endpoints
343	b7ef825	2026-04-11	25	45	45	15	130	1021	1021	pass	7.8	kept	Wire DictationExercise to backend API for persistent scoring
344	353fd5a	2026-04-11	15	30	45	15	105	1025	1025	pass	7.8	kept	Add 4 data-populated integration tests for pronunciation endpoints
345	be4a59a	2026-04-11	95	342	61	217	715	1025	1025	pass	6.75	kept	Extend i18n translations to Home page with Japanese locale
346	a2c9c52	2026-04-11	295	90	60	349	794	1025	1025	pass	6.6	kept	Add Speak-from-Memory vocabulary recall mode
347	5ba6c82	2026-04-11	205	85	63	233	586	1025	1025	pass	6.7	kept	Add adaptive difficulty recommendation to Listening quiz
348	4fb6d37	2026-04-11	290	68	61	328	747	1025	1025	pass	6.9	kept	Add hands-free Voice Mode toggle to conversation chat
349	aab7312	2026-04-11	179	163	1136	72	1550	1025	1025	pass	6.4	kept	Add Sentence Transform speaking drill to Pronunciation page
350	c01bbc4	2026-04-11T13:06:34+09:00	0	0	0	0	0	0	0	pass	7.0	keep	Add Spoken Q&A drill to Listening quiz results page
351	15620cb	2026-04-11	595	400	440	1327	2761	1025	1025	pass	6.9	kept	Add Listening Quiz progress card to Dashboard
352	17003a6	2026-04-11	1683	400	350	441	2872	1025	1025	pass	6.7	kept	Include listening quiz in streak, activity feed, and achievements
353	0b7274b	2026-04-11	1355	100	37	518	2010	1025	1025	pass	6.85	kept	Add Pronunciation Progress card to Dashboard
354	899b9f1	2026-04-11	172	47	57	467	743	1025	1025	pass	6.6	kept	Add Vocabulary Progress card to Dashboard
355	4804314	2026-04-11	209	88	119	45	461	1043	1043	pass	8.1	kept	Add unit tests for listening quiz DAL functions
356	4eeaf9a	2026-04-11	475	50	55	69	649	1053	1053	pass	7.85	kept	Add unit tests for 3 untested conversation DAL functions
357	0dea5e1	2026-04-11	492	50	65	362	969	1053	1053	pass	7.25	kept	Add passage replay and retry-wrong to Listening quiz results
358	f629c49	2026-04-11	229	93	62	81	465	1066	1066	pass	8.1	kept	Add unit tests for 4 untested vocabulary DAL functions
359	c4cec7b	2026-04-11	172	35	178	84	469	1074	1074	pass	8.35	kept	Add unit tests for save_minimal_pairs_results and get_phoneme_contrast_stats
360	1924df4	2026-04-11	249	113	66	634	1062	1074	1074	pass	6.85	kept	Add Spoken Retelling drill to conversation summary
361	cc782f1	2026-04-11	769	36	69	259	1133	1074	1074	pass	7.05	kept	Extract shared ScoreBar component from RephraseChallenge and SpokenRetelling
362	95882f0	2026-04-11	74	26	68	57	225	1078	1078	pass	8.1	kept	Add integration tests for conversation retelling evaluate endpoint
363	2247512	2026-04-11	528	75	147	69	819	1086	1086	pass	8.1	kept	Add integration tests for minimal pairs results/stats and listening difficulty endpoints
364	55457b9	2026-04-11	592	35	61	63	751	1089	1089	pass	8.1	kept	Add integration tests for dashboard listening-progress endpoint
365	38d390d	2026-04-11	268	144	80	416	908	1089	1089	pass	6.7	kept	Add Vocabulary Context Listening drill mode
366	0e65d29	2026-04-11	295	78	61	299	733	1089	1089	pass	6.6	kept	Add Vocabulary Spelling Bee mode
367	627e1c3	2026-04-11	305	73	62	285	725	1089	1089	pass	6.7	kept	Add Quick Shadow Practice card to Home page
368	51142c7	2026-04-11	251	113	332	148	844	1089	1089	pass	6.2	kept	Add Quick Dictation Card to Home page
369	c8c3de3	2026-04-11	252	113	823	0	1188	1089	1089	pass	6.7	kept	Add Quick Speak Card to Home page
370	cdb634b	2026-04-11	3543	173	52	52	3768	1093	1093	pass	7.8	kept	Add integration tests for sentence-craft evaluate and sentence-transform endpoints
371	none	2026-04-11	283	64	68	229	644	1093	1093	pass	5.9	discarded	Add Quick Grammar Fix card to Home page
372	7959e6d	2026-04-11	379	223	266	54	922	1100	1100	pass	7.85	kept	Add integration tests for listening-qa evaluate and conversation bookmarks endpoints
373	b1dc363	2026-04-11	412	57	64	54	587	1122	1122	pass	8.1	kept	Add unit tests for _swap_scenario_roles, _safe_quiz_index, and _normalize_summary edge cases
374	0973e7d	2026-04-11	317	54	66	71	508	1180	1180	pass	8.1	kept	Add unit tests for _normalize_grammar_feedback and canonicalize helpers
375	none	2026-04-11	318	132	74	299	823	1180	1180	pass	5.35	discarded	Add Quick Writing Card with AI grammar feedback to Home page
376	c39732f	2026-04-11	178	98	185	67	528	1189	1189	pass	7.55	kept	Add per-module study streak tracking endpoint to dashboard
377	none	2026-04-11	507	208	491	108	1314	1189	1189	pass	5.4	discarded	Add Collocation Match Drill for natural word pairing practice
378	4ecc552	2026-04-11	136	207	81	85	509	1194	1194	pass	6.75	kept	Add learning velocity tracking endpoint with weekly pace analytics
379	30d9586	2026-04-12	138	123	195	68	524	1206	1206	pass	7.55	kept	Add grammar error category analysis endpoint with per-category trends
380	5ad0a17	2026-04-12	108	304	304	68	480	1213	1213	pass	7.55	kept	Add vocabulary retention forecast endpoint with forgetting-risk scores
381	a4b7c59	2026-04-12	171	112	200	183	666	1213	1213	pass	7.55	kept	Add Vocabulary Retention Forecast card to Dashboard
382	75d7e2f	2026-04-12	124	105	129	183	541	1213	1213	pass	6.45	kept	Add Learning Velocity card to Dashboard with weekly pace chart
383	fd716d9	2026-04-12	173	94	57	474	798	1213	1213	pass	6.15	kept	Add Grammar Weak Spots card to Dashboard with per-category breakdown
384	5dc5136	2026-04-12	599	104	210	67	980	1217	1217	pass	8.1	kept	Add data-populated integration tests for vocabulary-forecast and grammar-weak-spots
385	04c8e0e	2026-04-12	376	91	352	95	914	1217	1217	pass	6.7	kept	Add Pronunciation Weak Spots card to Dashboard
386	7c64244	2026-04-12	304	84	146	59	593	1221	1221	pass	8.1	kept	Add data-populated integration tests for weekly-report and session-analytics
387	efef0b7	2026-04-12	505	72	69	58	704	1225	1225	pass	8.1	kept	Add data-populated integration tests for confidence-trend and learning-velocity
388	ae6375d	2026-04-12	179	100	262	76	617	1225	1225	pass	6.5	kept	Add Module Streaks card to Dashboard with per-module streak bars
389	f7955dc	2026-04-12	499	91	67	359	1016	1225	1225	pass	6.7	kept	Add Phrase of the Day card to Home page with listen-and-repeat drill
390	cb4c8a4	2026-04-12	191	60	141	50	442	1231	1231	pass	8.1	kept	Add data-populated integration tests for phrase-of-the-day and module-streaks
391	none	2026-04-12	247	179	145	109	680	1231	1231	pass	5.6	discarded	Add Filler Word Tracker to conversation chat and summary
392	956f8fd	2026-04-12	298	130	123	69	620	1242	1242	pass	7.85	kept	Add unit tests for untested pronunciation DAL functions
393	none	2026-04-12	223	140	259	259	622	1242	1242	pass	5.9	discarded	Add Vocabulary Used section to Conversation Summary
394	01d3894	2026-04-12	282	130	80	80	492	1248	1248	pass	8.1	kept	Add data-populated integration tests for difficulty-recommendation and session-averages
395	none	2026-04-12	162	60	121	221	564	1248	1248	pass	5.4	discarded	Add Speed Ladder Shadowing drill to Pronunciation page
396	2b61045	2026-04-12	135	100	158	68	461	1252	1252	pass	6.75	kept	Add vocabulary activation analytics endpoint tracking word usage in conversations
397	8387fec	2026-04-12T10:39:46+09:00	0	0	0	0	0	0	0	pass	7.0	keep	Add Quick Grammar Fix card to Home page for daily error correction practice
398	none	2026-04-12	265	81	301	117	764	1255	1255	pass	5.05	discarded	Add Quick Vocab Review card on Home page for SRS-due word flashcards
399	8a43b5c	2026-04-12	127	56	156	125	464	1267	1267	pass	8.1	kept	Add unit tests for get_phrase_of_the_day and get_vocabulary_activation DAL
400	5aa82b7	2026-04-12	243	39	63	75	420	1275	1275	pass	8.1	kept	Add unit tests for get_random_grammar_mistake DAL function
401	609a924	2026-04-12	456	93	58	297	904	1275	1275	pass	6.7	kept	Add Vocabulary Activation Card to Dashboard
402	22934d2	2026-04-12	709	73	78	39	899	1296	1296	pass	8.1	kept	Add unit tests for untested vocabulary DAL functions
403	b406205	2026-04-12	472	77	77	79	698	1300	1300	pass	8.1	kept	Add data-populated integration tests for grammar-trend and skill-radar
404	b515b8c	2026-04-12	308	65	50	61	484	1304	1304	pass	7.55	kept	Add data-populated integration tests for daily-challenge and word-of-the-day
405	dbbea92	2026-04-13	255	204	366	125	950	1303	1304	pass	6.35	kept	Add Conversation Topic Coverage Map card to Dashboard
406	4f17768	2026-04-13	243	92	495	112	850	1303	1304	pass	6.9	kept	Add Quick Listen and Respond card to Home page
407	none	2026-04-13	201	112	69	297	679	1303	1304	pass	5.9	discarded	Add Quick Rephrase card to Home page for paraphrase speaking drill
408	3c39805	2026-04-13	143	90	70	78	381	1308	1309	pass	7.3	kept	Add fluency progression analytics endpoint tracking speaking metrics over time
409	685c955	2026-04-13	112	67	76	484	739	1308	1309	pass	7.2	kept	Add Fluency Progression chart to Dashboard
410	7f173da	2026-04-13	151	98	66	333	648	1308	1309	pass	6.9	kept	Add Quick Rephrase card to Home page
411	none	2026-04-13	257	122	85	296	760	1308	1309	pass	5.1	discarded	Add Response Speed Analytics card to Dashboard
412	3966512	2026-04-13	307	102	158	95	662	1319	1320	pass	7.15	kept	Add pronunciation sentence mastery overview endpoint with tests
413	none	2026-04-13	189	95	62	271	617	1319	1320	pass	5.7	discarded	Add Sentence Mastery Progress card to Pronunciation page
414	6730577	2026-04-13	284	133	57	76	493	1325	1326	pass	7.85	kept	Add unit tests for get_topic_coverage DAL function
415	e7c116b	2026-04-13	315	66	578	94	1053	1325	1326	pass	6.7	kept	Add Quick Sentence Transform card to Home page
416	e0b158e	2026-04-13	438	95	86	271	890	1325	1326	pass	6.9	kept	Add topic selection to Listening Quiz
417	1eb3219	2026-04-13	356	82	76	445	959	1327	1328	pass	6.8	kept	Save and display topic in Listening Quiz results
418	4e38cff	2026-04-13	165	83	157	302	707	1328	1329	pass	7.75	kept	Add topic breakdown to Listening Progress dashboard card
419	af2af39	2026-04-13	569	160	67	403	1199	1328	1329	pass	6.7	kept	Save listening quiz passages for replay and re-practice
420	ef19f4d	2026-04-13	277	99	81	622	1079	1328	1329	pass	6.15	kept	Add Key Vocabulary extraction panel to Listening Quiz results
421	none	2026-04-13	214	73	358	113	758	1328	1329	pass	5.4	discarded	Add Passage Dictation drill to Listening Quiz results
422	2c1c0a8	2026-04-13	222	46	71	76	415	1337	1338	pass	7.55	kept	Add unit tests for get_listening_quiz_detail and passage/questions persistence
423	none	2026-04-13	206	60	68	193	527	1337	1338	pass	5.95	discarded	Add sentence-by-sentence playback mode to Listening Quiz
424	5a6cd69	2026-04-13	412	48	64	90	614	1342	1343	pass	7.8	kept	Add unit tests for speaking pace WPM computation
425	ca47262	2026-04-14T08:41:10+09:00	0	0	0	0	0	0	0	pass	7.0	keep	Add Listening Discussion panel for spoken opinion practice
426	41143ca	2026-04-14	467	75	70	688	1300	1343	1343	pass	7.45	kept	Add Listening Paraphrase drill to quiz results
427	12b78c0	2026-04-14	364	231	146	344	1085	1345	1345	pass	7.7	kept	Add Conversation Topic Warm-Up with phrase speaking practice
428	c9f178b	2026-04-14	223	142	69	315	749	1347	1347	pass	7.25	kept	Add Quick Vocab Sentence card for spoken vocabulary activation
429	b0f7de1	2026-04-14	257	83	80	398	818	1347	1347	pass	6.4	kept	Add Quick Opinion Practice card to Home page
430	ad0f16c	2026-04-14	225	80	84	180	569	1347	1347	pass	6.7	kept	Add Quick Question Formation speaking drill to Home page
431	a73cc4c	2026-04-14	228	107	250	230	815	1347	1347	pass	6.15	kept	Add Quick Storytelling card for narrative speaking practice
432	691f3aa	2026-04-14	287	143	236	0	666	1347	1347	pass	6.15	kept	Add Quick Follow-Up Question speaking card to Home page
433	6b87209	2026-04-14	201	97	288	85	671	1347	1347	pass	6.15	kept	Add tabbed Quick Practice Hub to organize 12 cards by skill category
434	835a6f0	2026-04-14	346	139	433	82	1000	1347	1347	pass	6.55	kept	Add Turn Re-Practice drill to Conversation History view
435	8143928	2026-04-14	514	20	70	85	689	1347	1347	pass	7.0	kept	Optimize get_vocabulary_activation O(n*m) word matching with corpus pre-check
436	1b7878e	2026-04-14	692	24	67	55	838	1347	1347	pass	7.25	kept	Fix Listening TTS audio leak on unmount and Conversation unnecessary refetches
437	f4b810d	2026-04-14T11:59:26+09:00	0	0	0	0	0	0	0	pass	7.0	keep	Add QuickMinimalPairsCard to Quick Practice Hub Listening tab
438	none	2026-04-14	231	55	64	178	528	1347	1347	pass	5.1	discarded	Add Quick Reverse Flashcard speaking card to Vocabulary tab
439	f4d7c0a	2026-04-14	474	163	64	255	956	1347	1347	pass	7.15	kept	Add Vocabulary Target Words challenge during conversations
440	309b3bd	2026-04-14	332	58	74	117	581	1347	1347	pass	7.25	kept	Batch get_stats 7 sequential COUNT queries into 1 and fix f-string SQL
441	c135b13	2026-04-14	628	67	66	493	1254	1348	1348	pass	7.8	kept	Add navigation guard and skip_summary for graceful conversation cleanup
442	b376766	2026-04-14	550	71	67	244	932	1348	1348	pass	6.7	kept	Add real-time Conversation Fluency Coach panel during chat
443	e091f4c	2026-04-14T13:37:23+09:00	0	0	0	0	0	0	0	pass	7.0	keep	Add live Response Time indicator to conversation chat phase
444	none	2026-04-14	290	104	0	204	598	1348	1348	pass	5.7	discarded	Add vocabulary variety detection with synonym suggestions to Fluency Coach
445	34a25d2	2026-04-15	327	193	75	486	1081	1350	1351	pass	6.45	kept	Add Topic Improvement Comparison widget to conversation summary
446	feb8fbd	2026-04-15	212	119	68	602	1001	1350	1351	pass	6.7	kept	Add Conversation Fluency Goals with real-time tracking and summary
447	83dfc3e	2026-04-15	294	271	79	573	1217	1356	1357	pass	7.0	kept	Add Custom Conversation Scenario Creator for personalized practice
449	none	2026-04-15	402	118	65	263	848	1356	1357	pass	5.9	discarded	Add Key Phrase Collector with review in conversation summary
450	5e1a91b	2026-04-15	253	103	68	93	517	1362	1363	pass	7.55	kept	Add unified Smart Review Queue endpoint across all modules
451	6ba8a64	2026-04-15	192	77	72	575	916	1362	1363	pass	6.4	kept	Add Smart Review Queue card to Home page
455	none	2026-04-15	324	89	77	216	706	1362	1363	pass	5.55	discarded	Add AI Feedback to Speaking Journal with score bars and suggestions
457	none	2026-04-15	176	84	273	119	723	1368	1369	pass	5.7	discarded	Add Speaking Journal Progress dashboard with WPM trends and personal bests
459	none	2026-04-15	444	6	68	214	732	1368	1369	pass	5.6	discarded	Add Quick Speed Shadow Card with progressive speed ladder
460	141e329	2026-04-15	130	272	93	103	529	1375	1376	pass	7.55	kept	Add pronunciation practice sentences from grammar corrections
461	c2ed076	2026-04-15	205	58	63	121	447	1376	1377	pass	7.8	kept	Fix weekly report grammar_accuracy using all-time data instead of weekly
462	66afc6c	2026-04-15	229	60	78	94	461	1379	1379	pass	7.8	kept	Fix skill radar: listening ignores quiz data, grammar misses string is_correct
463	2b56aa6	2026-04-15	344	0	347	118	809	1382	1383	pass	7.8	kept	Include speaking_journal in streak, activity, and achievement tracking
464	fe830ee	2026-04-15	207	0	278	108	593	1384	1385	pass	8.6	kept	Fix false streak_at_risk when only listening/speaking_journal done today
465	7a23c10	2026-04-15	526	115	80	558	1279	1389	1390	pass	8.0	kept	Add filler word detection and tracking to Speaking Journal
466	484c0a4	2026-04-15	202	37	67	202	508	1390	1390	pass	6.2	kept	Add expandable Speaking Journal history with transcript review
467	bc5ebd4	2026-04-15	394	70	57	73	594	1392	1392	pass	7.55	kept	Include speaking journal in skill radar Speaking score and fix broken route
468	2297f5e	2026-04-15	249	93	76	109	527	1394	1394	pass	7.55	kept	Include speaking journal and listening quiz data in weekly report
469	dced2a4	2026-04-15	183	47	169	130	529	1394	1394	pass	7.5	kept	Include listening quiz and speaking journal in Session Analytics
471	none	2026-04-15	239	59	68	337	703	1394	1394	pass	6.2	discarded	Add filler word highlighting in Speaking Journal transcript views
472	f92d57f	2026-04-15	211	58	213	246	728	1396	1396	pass	7.5	kept	Fix achievements total_activities missing listening and speaking_journal counts
473	8015327	2026-04-15	173	53	68	178	472	1396	1396	pass	7.5	kept	Add listening and speaking journal to Home page today activity and recent icons
474	b156b45	2026-04-15	163	45	84	98	390	1396	1396	pass	6.95	kept	Fix activity-history missing listening quiz and speaking journal data
475	db39f03	2026-04-15T14:46:28+09:00	0	0	0	0	0	0	0	pass	7.0	keep	Add vocabulary upgrade suggestions to Speaking Journal results
476	none	2026-04-15	479	328	30	204	1041	1400	1400	pass	5.65	discarded	Add Fluency Score card with animated ring chart to Home page
477	b04e6c0	2026-04-15	219	134	372	112	837	1400	1400	pass	7.25	kept	Add grammar check feedback to Speaking Journal results
478	ce0bcfb	2026-04-15	175	89	490	207	961	1402	1402	pass	7.05	kept	Add model answer with TTS playback to Speaking Journal results
479	6b38346	2026-04-15	126	156	4	336	622	1402	1402	pass	6.7	kept	Add retry-same-prompt with improvement comparison to Speaking Journal
480	1174208	2026-04-15	269	155	0	389	813	1402	1402	pass	7.0	kept	Add Speaking Journal Progress card to Dashboard
481	6e75644	2026-04-15	234	60	71	350	715	1402	1402	pass	7.2	kept	Add Quick Vocab Recall card to QuickPracticeHub vocabulary tab
483	none	2026-04-15	315	102	89	309	815	1402	1402	pass	5.1	discarded	Add Quick Word Explain circumlocution drill to Speaking tab
484	537932f	2026-04-15	161	50	67	70	348	1402	1402	pass	8.05	kept	Fix WeeklyComparison Pydantic model missing listening/speaking_journal fields
485	none	2026-04-16	364	54	76	148	642	1401	1402	pass	5.4	discarded	Add Grammar Speak Fix card to QuickPracticeHub grammar tab
486	bbc6506	2026-04-16	218	313	0	69	600	1408	1408	pass	7.55	kept	Add vocabulary active-use analysis endpoint across all speaking activities
487	none	2026-04-16	399	60	182	193	834	1413	1413	pass	6.2	discarded	Add Quick Dialogue card with 2-turn micro-conversation to speaking tab
488	1edff75	2026-04-16	244	80	97	111	532	1412	1412	pass	7.0	kept	Add filler word analysis endpoint for speaking journal entries
489	851f677	2026-04-16	156	57	71	351	635	1412	1412	pass	6.7	kept	Add Filler Word Trends panel to Speaking Journal Progress dashboard
490	79404ba	2026-04-16	1326	107	71	2692	4196	1412	1412	pass	6.1	kept	Add echo practice for Speaking Journal model answer
491	0a27479	2026-04-16	1826	405	352	808	3391	1415	1415	pass	7.8	kept	Fix Speaking Journal returning same prompt on repeated requests same day
492	1c22af6	2026-04-16	203	36	200	281	720	1417	1417	pass	7.75	kept	Add speaking journal and listening quiz daily goal types
493	3b10591	2026-04-16	334	132	69	408	943	1420	1420	pass	6.8	kept	Add difficulty selector and duration options to Speaking Journal
494	1e98709	2026-04-16	196	43	71	349	659	1420	1420	pass	6.15	kept	Add transcript review panel with filler highlighting to Speaking Journal
496	none	2026-04-16	199	110	96	171	576	1428	1428	pass	5.60	discarded	Enhance flashcard review with example sentences, audio, and reverse mode
497	1bdb2e1	2026-04-16	130	211	108	95	544	1437	1437	pass	6.10	kept	Add Quick Idiom Practice card with spoken usage evaluation
498	c2c3f99	2026-04-16	135	237	124	95	591	1451	1451	pass	6.90	kept	Add Quick Write card with scenario-based short writing exercises
499	a8d3eab	2026-04-16	306	238	93	206	843	1459	1459	pass	6.45	kept	Add global difficulty selector to QuickPracticeHub for all cards
500	c002c46	2026-04-16	177	129	100	224	630	1459	1459	pass	7.45	kept	Fix stale closure in timer-expired speech evaluation across Quick Practice cards
501	f40c4f3	2026-04-16	177	181	105	187	650	1462	1462	pass	7.00	kept	Guard Speaking Journal against empty transcript save and add error feedback
502	eac4db4	2026-04-16	304	95	100	67	566	1462	1462	pass	7.25	kept	Stop TTS and speech recognition when ending conversation
503	a673921	2026-04-17	257	151	100	149	657	1462	1462	pass	6.30	kept	Auto-recover voice mode loop when speech recognition fails or times out
504	6537e94	2026-04-17	118	134	107	118	477	1462	1462	pass	6.45	kept	Fix Quick Practice cards ignoring global difficulty selector
505	80adc3b	2026-04-17	366	279	152	133	930	1478	1478	pass	6.20	kept	Add Quick Explain Card with taboo-word circumlocution speaking drill
506	d6e34a9	2026-04-17	250	213	218	122	803	1485	1485	pass	6.80	kept	Add Quick Role-Play Card with 2-exchange situational mini-dialogue
507	2b8a3a6	2026-04-17	197	269	130	136	732	1496	1496	pass	7.15	kept	Add Quick Word Association Card with timed vocabulary retrieval practice
508	a3f0a34	2026-04-17	241	176	105	116	638	1507	1507	pass	6.25	kept	Add Quick Reading Comprehension Card with passage and multiple-choice questions
509	b16a6e7	2026-04-17	193	246	110	156	705	1514	1514	pass	6.20	kept	Add Quick Tongue Twister Card with pronunciation clarity scoring
511	e8edb82	2026-04-17	268	394	321	138	1121	1530	1530	pass	7.25	kept	Add Smart Study Plan card with personalized daily micro-task sequence
512	7d7a2be	2026-04-17	323	269	95	121	808	1530	1530	pass	6.75	kept	Add Conversation Replay Speaking Walkthrough mode
513	7904c2c	2026-04-17	270	313	108	108	799	1530	1530	pass	6.15	kept	Add retry button for failed message sends in conversation chat
514	f7763da	2026-04-17	458	152	97	154	861	1530	1530	pass	6.60	kept	Fix hardcoded light-mode colors breaking dark mode in Vocabulary components
515	none	2026-04-17	224	178	108	301	811	1530	1530	pass	5.65	discarded	Fix hardcoded light-mode colors breaking dark mode in Quick Practice cards
516	none	2026-04-17	469	423	102	163	1157	1530	1530	pass	5.60	discarded	Replace window.alert() with inline error messages in Pronunciation & Vocabulary
517	5b111e1	2026-04-17T03:28:24+09:00	0	0	0	0	0	0	0	pass	7.0	keep	extract shared InlineErrorBanner and replace window.alert() calls
518	none	2026-04-17	127	410	102	325	964	1530	1530	pass	5.15	discarded	Fix hardcoded light-mode colors in Quick Practice cards and SpeakingJournal
519	901a6a4	2026-04-17	280	163	101	155	699	1530	1530	pass	6.00	kept	Add back button and keyboard shortcuts to Listening quiz phases
520	af7ee8e	2026-04-17	318	156	106	137	717	1530	1530	pass	6.20	kept	Replace window.confirm() with inline confirmation UI in Conversation
521	f236d28	2026-04-17	271	210	103	131	715	1530	1530	pass	6.45	kept	Add spoken Say It correction drill to in-chat FeedbackPanel
522	c405de1	2026-04-17	397	159	101	116	773	1530	1530	pass	6.20	kept	Add Say It Better spoken drill for suggestions in FeedbackPanel
523	a4f4af1	2026-04-17	387	216	99	142	844	1551	1551	pass	6.20	kept	Add Shadow Phrase micro-drill to HighlightedMessage key phrases
527	none	2026-04-17	286	209	117	202	814	1577	1578	pass	6.20	discarded	Add Quick Listen-Paraphrase Card for listen-then-rephrase speaking drill
528	7858e1c	2026-04-17	199	228	190	323	940	1575	1575	pass	6.20	kept	Add Quick Listen-Paraphrase Card for listen-then-rephrase speaking drill
529	98171ea	2026-04-17	417	252	109	119	897	1585	1585	pass	7.80	kept	Add 4-3-2 Fluency Sprint speaking drill on Home page
530	ed459ae	2026-04-17	284	189	121	125	719	1593	1593	pass	6.80	kept	Add Quick Connector Drill Card for discourse linker speaking practice
531	185b7bf	2026-04-17	232	213	102	181	728	1601	1601	pass	6.50	kept	Add Quick Spot-the-Error Listening Card for grammar error detection drill
532	815170c	2026-04-17	138	217	102	103	560	1612	1612	pass	7.25	kept	Add Quick Phrasal Verb Card for spoken phrasal verb practice
533	a810332	2026-04-17	212	294	112	159	777	1622	1622	pass	7.75	kept	Add Quick Rapid-Fire Q&A Card for conversational reflex training
534	4f35e71	2026-04-17	118	240	111	113	582	1635	1635	pass	7.75	kept	Add Quick Sentence Stress Card for prosody and intonation practice
535	0e0fa5e	2026-04-17	339	164	106	172	781	1635	1635	pass	6.40	kept	Add inline pronunciation drill for weak spots in Dashboard
536	f50bbc8	2026-04-17	183	73	105	298	659	1635	1635	pass	7.45	kept	Fix broken sendMessage: restore missing try block and API call
537	e265ebf	2026-04-17	418	196	104	172	890	1635	1635	pass	7.25	kept	Add Practice Same Topic Again button to Conversation Summary
538	afeb401	2026-04-17	145	113	108	102	468	1635	1635	pass	6.50	kept	Lazy-load Dashboard sections with IntersectionObserver
539	7bb1e3d	2026-04-17	510	234	106	83	933	1638	1638	pass	7.45	kept	Add SPA navigation guard to prevent losing active Conversation chat
541	none	2026-04-17	281	106	106	148	641	1650	1650	pass	5.90	discarded	Auto-advance to next sentence in Pronunciation practice flow
542	3624fad	2026-04-17	238	165	125	70	598	1651	1651	pass	7.80	kept	Fix send_message losing custom topic scenario/goal context
543	fd53970	2026-04-17	233	231	123	138	725	1655	1655	pass	7.50	kept	Add on-demand Hint button for stuck moments during Conversation chat
547	none	2026-04-17	430	240	116	225	1011	1693	1693	pass	5.35	discarded	Convert Conversation chat input to auto-expanding textarea with word count
548	62f7c08	2026-04-17	148	234	110	150	642	1704	1704	pass	7.55	kept	Add Self-Assessment Trend API endpoint for dashboard
549	67b5668	2026-04-17	208	211	127	176	722	1708	1708	pass	7.00	kept	Add Self-Assessment Trend Chart to Dashboard with API client
550	39dbd4a	2026-04-17	398	235	144	118	895	1719	1719	pass	7.25	kept	Add Streak Freeze protection system to preserve learning streaks
551	6e0b0e0	2026-04-17	639	279	130	169	1217	1719	1719	pass	6.70	kept	Add in-conversation key phrase save to vocabulary bank
552	bdba8a4	2026-04-17	557	306	132	77	1072	1720	1720	pass	7.75	kept	Fix auto_apply_freezes ignoring internal gaps between activity days
553	ff23866	2026-04-17	470	365	121	155	1111	1720	1720	pass	6.90	kept	Add Fluency Score gauge with sub-score breakdown to Conversation Summary
557	47b59c5	2026-04-18	303	361	117	148	929	1720	1720	pass	6.20	kept	Fix 5 failing Home page E2E test specs to match actual UI elements
558	9a1a8ee	2026-04-18	396	333	116	208	1053	1730	1730	pass	7.55	kept	Add Express It Better speaking drill to Conversation Summary
559	0927671	2026-04-18	549	291	141	104	1085	1743	1743	pass	6.75	kept	Add Quick Debate Card for sustained argumentation speaking practice
560	7df901b	2026-04-18	194	231	129	146	700	1756	1756	pass	7.00	kept	Add Quick Scene Description speaking card for descriptive fluency
561	0ea0ec4	2026-04-18	363	230	131	165	889	1766	1766	pass	6.50	kept	Add Quick Predict-What-Happens-Next listening-speaking card
562	2393ffa	2026-04-18	306	231	117	141	795	1781	1781	pass	6.20	kept	Add Quick Dictogloss Card for listen-then-reconstruct speaking drill
563	none	2026-04-18	515	567	138	167	1387	1790	1790	pass	5.35	discarded	Vocabulary Conversation Context to show word usage in chats
564	89d0fef	2026-04-18	404	310	126	204	1044	1784	1784	pass	6.45	kept	Add CEFR English Level Estimator card to Dashboard
565	80dd6e8	2026-04-18	247	202	124	93	666	1784	1784	pass	7.00	kept	Add Reverse Flashcard mode with SRS progress tracking
566	8a71e4b	2026-04-18	50	0	41	1216	1307	1784	1784	pass	7.25	kept	Add sentence-by-sentence playback panel to Listening Quiz
567	34061cb	2026-04-18	6	309	140	269	724	1790	1790	pass	7.80	kept	Fix recent-activity raw topic IDs and NULL detail crash
568	d7ccde1	2026-04-18	243	449	120	126	938	1842	1842	pass	7.55	kept	Add grammar error pattern detection to ConversationCoach
590	550fc83	2026-04-18T23:52:48+09:00	0	0	0	0	0	0	0	pass	7.0	keep	minimal pairs listening discrimination drill
591	ccdbbcb	2026-04-18	0	243	147	0	390	1939	1940	fail	6.75	discarded	Pin favorite Quick Practice cards (discarded: unrelated test failure)
592	43d29f3	2026-04-19	451	195	350	174	1170	1946	1947	pass	7.80	kept	Add conversation partner personality selector for varied register practice
593	49ba033	2026-04-19	0	578	137	128	843	1953	1954	pass	7.00	kept	Add Word of the Day sentence challenge with speaking + AI evaluation
594	eff1659	2026-04-19	197	261	158	91	707	1966	1967	pass	7.55	kept	Add Quick Synonym Swap speaking drill for contextual vocabulary practice
595	ece372f	2026-04-19	215	230	136	80	661	1979	1980	pass	7.55	kept	Add Quick Summarize and Respond speaking drill for reading-to-speaking practice
596	30df481	2026-04-19	274	337	156	135	902	2004	2005	pass	6.50	kept	Add Quick Instruction Giver speaking drill card for procedural speaking practice
597	0190e9b	2026-04-19	453	813	141	199	1606	2015	2016	pass	6.55	kept	Add Conversation AI Memory for cross-session user context
598	717b452	2026-04-19	570	306	182	144	1202	2034	2035	pass	7.30	kept	Add Quick Email Writing Card with format-specific AI feedback
602	none	2026-04-19	316	157	151	73	697	2059	2060	pass	5.90	discarded	Add sticky section navigator to Dashboard for quick jump-to-section
603	58fe1a1	2026-04-19	174	64	242	110	590	2060	2060	pass	7.50	kept	Fix timezone mismatch: use UTC dates consistently in dashboard DAL
604	a683b93	2026-04-19	299	271	145	146	861	2074	2074	pass	7.25	kept	Add Quick Connected Speech Drill for natural pronunciation patterns
605	273d9d2	2026-04-19	176	229	141	156	702	2088	2088	pass	7.30	kept	Add Quick Spot-the-Difference speaking card for comparison language practice
606	699b43f	2026-04-19	552	277	126	117	1072	2088	2088	pass	7.25	kept	Add weak-word mini-drill to Pronunciation results for targeted mispronunciation practice
611	none	2026-04-19	249	229	138	223	839	2120	2120	pass	5.00	discarded	Add Listen & Respond post-conversation drill (discarded: missing backend endpoint)
612	07519fc	2026-04-19	273	209	157	120	759	2129	2129	pass	7.30	kept	Add Quick Voicemail Drill for structured voice message practice
613	0578984	2026-04-19	277	239	475	187	1178	2142	2142	pass	6.20	kept	Add Quick Mixed Review Drill for cross-module interleaved practice
615	none	2026-04-19	238	93	126	87	544	2142	2142	pass	5.90	discarded	Lazy-load QuickPracticeHub card components with React.lazy (discarded: below score threshold)
616	b7b727b	2026-04-19	207	180	159	119	665	2142	2142	pass	6.70	kept	Add search, filter, and pagination to past conversations list
617	f228456	2026-04-19	41	35	135	38	249	2142	2142	pass	7.80	kept	Rename useLazyLoad.ts to .tsx to fix JSX parse error in vitest
618	2615bca	2026-04-19	380	171	376	148	1075	2159	2159	pass	7.60	kept	Add grammar error category breakdown to conversation performance metrics
619	a8f3a1f	2026-04-19	616	166	146	106	1034	2162	2162	pass	7.80	kept	Fix coerce_bool(None) inflating grammar accuracy for null is_correct
620	1e9b773	2026-04-19	54	438	127	24	643	2082	2082	pass	7.25	kept	Add Quick Numbers & Dates listening dictation drill
621	7d3836d	2026-04-19	53	498	128	21	700	2101	2101	pass	7.25	kept	Add Quick Shadowing Drill (listen+repeat with timing & accuracy)
622	992b9d2	2026-04-19	48	160	90	26	324	2101	2101	pass	7.65	kept	Strip emoji from SpeechSynthesis input in conversation (BUG-HIGH)
623	c614562	2026-04-19	94	95	128	24	341	2101	2101	pass	7.75	kept	Fix dark-mode conversation highlight contrast (BUG-HIGH WCAG AA)
624	e7aa60e	2026-04-19	84	364	132	37	617	2106	2106	pass	7.65	kept	Lazy-load conversation reply helpers to cut /start and /message latency ~40%
625	6060597	2026-04-19	50	369	131	25	575	2109	2109	pass	7.35	kept	Parallelize opening message and role-briefing LLM calls in /conversation/start
626	7725c52	2026-04-19	70	175	130	27	402	2113	2113	pass	7.55	kept	Parallelize summary + memory extraction in /conversation/end (asyncio.gather)
627	78f1da2	2026-04-19	69	250	132	18	469	2118	2118	pass	7.55	kept	Bound /message LLM context with history truncation (max_turns=16)
628	cce071f	2026-04-19	91	138	133	9	371	2118	2118	pass	7.50	kept	Add per-message Slow Replay (0.6x) button on assistant turns in Conversation
629	d0b558f	2026-04-19	60	151	462	25	698	2126	2126	pass	7.55	kept	Add Copilot LatencyTracker (p50/p95) + /api/internal/copilot-metrics endpoint
630	9b0a0bd	2026-04-19	96	208	126	39	469	2126	2126	pass	7.05	kept	Add staged ReplyProgressIndicator (typing dots + cycling labels + elapsed counter) for Conversation chat
631	e251473	2026-04-19	81	240	140	34	495	2131	2131	pass	7.00	kept	Listening Quiz first-listen accuracy + per-question replay counters
632	01d6865	2026-04-19	67	134	134	22	357	2131	2131	pass	6.75	kept	Listening results: per-question Replay sentence (0.75x) + replay-all-missed for missed answers
633	a524798	2026-04-19	54	267	134	25	480	2137	2137	pass	7.00	kept	Add Hard words to revisit smart tier (DAL + endpoint + Vocabulary card with Drill these)
634	cf1e4e2	2026-04-19	173	78	297	36	584	2140	2140	pass	7.25	kept	Pre-warm Copilot SDK session in FastAPI lifespan startup (cuts ~0.6s cold-start)
635	84380ea	2026-04-19	51	103	319	42	515	2151	2151	pass	7.00	kept	Skip grammar-check LLM call for trivial messages (<4 words or known ack) in /conversation/message
636	7b349df	2026-04-19	141	272	135	19	567	2156	2156	pass	7.55	kept	Copilot session warm-pool (background prefetch of next session per system_prompt)
637	148bc82	2026-04-19	70	158	137	31	396	2159	2159	pass	7.00	kept	Shadowing progress badge (attempts, avg-last-20, best) + GET /api/shadowing/stats
638	51c90cf	2026-04-19	124	361	135	27	647	2166	2166	pass	7.00	kept	Conversation Quick Reply mode (1-sentence AI replies, skips grammar check)
639	c1feb57	2026-04-19	79	348	134	60	621	2173	2173	pass	7.25	kept	Pronunciation Trouble Words panel (DAL token-diff + endpoint + Practice button)
640	6accf90	2026-04-19	117	201	141	35	494	2173	2173	pass	8.00	kept	Inline Shadow this line mini-drill button on assistant messages in Conversation
641	2f23a45	2026-04-19	58	137	342	27	564	2173	2173	pass	7.75	kept	Inline corrected-shadow button (TTS 0.75x) under user messages with grammar feedback
642	d523eac	2026-04-19	49	403	135	22	609	2177	2177	pass	7.25	kept	SSE streaming for conversation replies (instant first-token UX, PERF-HIGH)
643	f876bf4	2026-04-19	73	422	137	31	663	2179	2179	pass	6.75	kept	Conversation Role-Swap Replay (practice the other side, summary modal)
644	1cfcb70	2026-04-19	115	673	144	29	961	2186	2186	pass	7.35	kept	Speaking Pace Coach (WPM badge + pacing summary on Conversation)
645	5dc7956	2026-04-19	114	705	140	26	985	2192	2192	pass	7.25	kept	Heatmap day drill-down (per-day module breakdown + quick-resume CTA on Dashboard)
646	8f16bce	2026-04-19	61	489	149	31	730	2201	2201	pass	7.25	kept	Inline 'Type what you hear' dictation mini-drill on assistant messages
647	4d53895	2026-04-19	108	353	146	28	635	2201	2201	pass	7.25	kept	ClozeListening focused retry on missed blanks with first-try score
648	128bd24	2026-04-19	88	494	142	31	755	2213	2213	pass	7.15	kept	Listening Speed Ladder mode — adaptive playback speed (0.85→1.5x) with per-topic best persistence
649	a325dde	2026-04-20	88	681	246	29	1044	2232	2234	fail	3.15	discarded	Streak Freeze (Duolingo-style) — migration regression on legacy table + dashboard pronunciation aggregation broken
650	aedbe9c	2026-04-20	43	233	179	121	576	2215	2217	pass	6.75	kept	Per-message JP訳 translation reveal in Conversation (POST /translate + cached toggle, no TTS)
651	f2c27eb	2026-04-20	208	279	165	29	681	2215	2217	pass	7.70	kept	Per-message Slow Replay 🐢 (0.6x) + sentence stepper popover on Conversation AI messages (frontend-only)
652	2ccf4fb	2026-04-20	107	311	149	29	596	2215	2217	pass	7.55	kept	Progressive TTS — sentence-by-sentence speak during SSE streaming on Conversation
653	2801fff	2026-04-20	104	381	157	39	681	2215	2217	pass	7.50	kept	Pinned key phrases sticky bar with auto-detect ✓ + ✨ toast on Conversation
654	8d9b1a3	2026-04-20	102	181	175	15	473	2215	2217	pass	7.00	kept	Pronunciation result → Instant Missed-Word Mini-Drill (frontend-only TTS+ASR loop)
655	9a34849	2026-04-20	106	249	149	20	524	2215	2217	pass	6.75	kept	Speak Mode for MistakeReviewDrill (TTS preview + mic recording, frontend-only)
656	01fd4e7	2026-04-20	30	600	130	25	785	2215	2217	pass	7.25	kept	MinimalPairs: Speak the Pair production mode (ASR contrast scoring + mode toggle)
657	7300710	2026-04-20	30	550	130	25	735	2215	2217	pass	7.50	kept	Phrase of the Day: 3-attempt shadowing drill with speed ladder (frontend-only + helper unit tests)
658	3433d74	2026-04-20	93	303	163	21	580	2215	2217	pass	7.75	kept	Stress Tap pronunciation mini-game (tap-the-syllable + TTS + weighted SRS in localStorage)
659	fd8a80e	2026-04-20	83	302	169	26	580	2215	2217	pass	7.50	kept	Home Listening Warmup tile (60s passive TTS modal + warmup streak in localStorage)
660	9aae106	2026-04-20	66	167	155	37	425	2215	2217	pass	8.80	kept	Shadowing missed-words tap-to-hear drill (chips @0.7x + Play-all-slowly + perfect state)
661	57a4629	2026-04-20	70	431	160	73	734	2220	2222	pass	7.20	kept	Vocabulary Collocation Match mini-mode (LLM MCQ + SRS + 503 fallback)
662	da2df53	2026-04-20	61	289	226	0	576	2226	2228	pass	7.25	kept	Conversation Reply Hints — 💡 button → 2-3 tappable suggested replies + optional 🇯🇵 gloss (POST /reply-hints, 60s cache)
663	669084f	2026-04-20	70	219	163	0	452	2226	2228	pass	7.40	kept	Cloze per-blank Letter Hint button (progressive reveal + 'hinted' badge + perfect-only-without-hints)
664	d363f03	2026-04-20	63	211	149	33	456	2226	2228	pass	7.65	kept	Conversation per-message Shadow 🎤 ASR similarity scoring + streak (pre-existing 2 dashboard test failures unrelated)
665	b233ab6	2026-04-20	68	175	151	51	445	2226	2228	pass	7.80	kept	Mistake Journal Listen 🔊 + Shadow 🎤 per-card (TTS + ASR similarity badge)
666	8f81164	2026-04-20	90	476	181	82	829	2241	2243	pass	7.25	kept	Quick Thought-Group Phrasing Card (Listen→Chunk→Check→Shadow + F1 + endpoint with fallback) — 2 dashboard fails pre-existing/unrelated
667	98158c1	2026-04-20	82	358	162	28	630	2241	2243	pass	7.15	kept	Shareable Daily Progress Card on Dashboard (Copy text + Download PNG, frontend-only canvas, no deps)
668	03aed83	2026-04-20	16	247	175	17	455	2241	2243	pass	7.55	kept	Listening Quiz inline slow-replay panel after wrong answer + auto-replay-on-wrong toggle (frontend-only); 2 dashboard fails pre-existing/unrelated
669	2d81b62	2026-04-20	97	191	178	19	485	2241	2243	pass	7.55	kept	Favorites tab + ⭐ pin toggle for Quick Practice Hub (useFavorites hook + CARDS registry refactor); 2 dashboard fails pre-existing/unrelated
670	ca1f310	2026-04-20	111	297	158	34	600	2243	2243	pass	7.00	kept	Quick Reverse Translation card (JP→EN speaking drill: 40 curated pairs, mic + similarity diff + TTS + summary, 16 new vitest)
671	c3e42e5	2026-04-20	95	317	160	26	598	2243	2243	pass	7.35	kept	Quick Question Formation card (statement→Wh-question speaking drill, 30 prompts, mic+similarity+TTS, 15 new vitest)
672	2bb18be	2026-04-20	61	290	151	26	528	2243	2243	pass	7.00	kept	Quick Backchannel Response card (21-prompt MCQ + TTS + optional Say-it + 15 vitest)
673	f60dd0f	2026-04-20	82	262	153	18	515	2243	2243	pass	7.75	kept	Conversation Reply Pacing Meter (live WPM gauge + coaching tip + 5-point sparkline; 21 vitest)
674	49ae087	2026-04-20	71	242	154	29	496	2243	2243	pass	7.00	kept	Quick Pace Match card (target WPM shadowing: TTS+mic+gauge+last-5 dots; 22 vitest)
675	0697aa4	2026-04-20	92	322	155	25	594	2249	2249	pass	7.35	kept	Minimal Pairs weak-contrasts panel + focused drill (DAL aggregator + endpoint + UI; 6 new pytest)
676	07d5825	2026-04-20	165	269	154	31	619	2249	2249	pass	7.55	kept	Pronunciation result word-level heatmap with tap-to-drill (color tokens + tip/🔊/🎤 retry up to 3 attempts; 10 vitest)
677	9d15b5d	2026-04-20	96	469	154	91	810	2255	2255	pass	7.25	kept	Vocabulary 🪤 Leech Words panel + drill (DAL+endpoint+typed-recall reusing /api/vocabulary/answer; 6 new pytest)
678	6b695cd	2026-04-20	67	339	164	34	604	2275	2275	pass	7.80	kept	Reduced Forms drill (Listen→Expand→Shadow): 8 reduction types × 35-item seed, weakness sampler, contraction-aware grader, new table+migration; 20 new tests
679	a7b2203	2026-04-20	53	657	173	30	913	2307	2307	pass	7.50	kept	Stress Spotlight (tap stressed words → reveal precision/recall → listen-with-emphasis → shadow): generate/audio/attempt/recent + new table+migration + Home tile; 32 new tests
680	ee943ce	2026-04-20	77	294	171	54	596	2319	2319	pass	7.00	kept	Filler-word tracker for conversation (per-message badge + summary aggregate; 12 new tests)
681	b0b23fc	2026-04-20	93	685	160	37	975	2323	2323	pass	7.25	kept	Power Word Challenge: SRS target words in conversation (chips + morphology detection + auto SRS bump on use; 4 new integration tests)
682	d20fdc6	2026-04-20	102	327	150	25	604	2339	2339	pass	7.25	kept	Quick Contrastive Stress card (Listen→MCQ implied-meaning→Speak emphasis attempt; Copilot+static bank; 22 new tests)
683	d97591d	2026-04-20	50	446	148	15	659	2365	2365	pass	8.00	kept	Vocabulary Spelling Challenge mode (TTS dictation + Levenshtein partial-credit; 21 new tests)
684	7118d1f	2026-04-20	151	325	167	32	675	2368	2368	pass	7.00	kept	PERF-HIGH conversation /message prompt trim (MAX_TURNS 16→10, 240ch per-msg cap, capped memory facts) + SSE first_chunk latency event + ⚡ UI badge
685	8722d6d	2026-04-20	57	411	172	30	670	2384	2384	pass	7.55	kept	Sentence Echo listening memory-span drill (6→18 words progressive ladder, generate/score/trend endpoints, TTS replay-limited, diff feedback, 14-day sparkline; 29 new tests)
686	467e441	2026-04-20	102	712	174	64	1052	2402	2402	pass	7.80	kept	Listen & Summarize drill (gist comprehension: TTS passage + AI-graded summary on coverage/conciseness/accuracy with 6-passage fallback; key-point checklist + transcript reveal + 7d sparkline; 18 new tests)
687	0473148	2026-04-20	56	224	180	105	565	2406	2406	pass	7.30	kept	Best Time of Day dashboard insight (24-hour activity buckets + peak/best-score hour from messages & pronunciation_attempts; BestTimeCard with sparkline & a11y table; 4 new integration tests)
688	8bfe611	2026-04-20	65	543	174	43	825	2420	2420	pass	7.55	kept	Linker Speak Drill (connector/cohesion: 5-item chip round + Listen/Speak Jaccard + weakest-category stats; new table+migration; 21 new tests)
689	a32f92a	2026-04-20	73	530	170	36	809	2436	2436	pass	7.25	kept	Paraphrase Practice mode (CEFR-leveled rewrite drill: TTS+text/mic, LLM-scored meaning/grammar/naturalness, 5-sentence session+summary; 20 new tests)
690	ece4d6a	2026-04-21	169	611	218	60	1058	2473	2475	pass	7.80	kept	Number & Date Dictation listening drill (teens/tens, prices, dates, times, years, phones; deterministic generators + normalization + DAL + summary table + migration + Home CTA; 41 new tests; 2 pre-existing dashboard failures unrelated)
692	65d33cf	2026-04-21	98	653	231	151	1133	2515	2517	pass	7.00	kept	Situational Monologue Drill (elevator pitch: 8 scenario bank + content-beat checklist + LLM fluency/structure scoring + WPM/filler metrics + new table monologue_attempts; 32 new tests; 2 pre-existing dashboard failures unrelated)
693	a57f663	2026-04-21	75	359	780	24	1238	2532	2534	pass	7.25	kept	Phrasal Verb Particle Drill (typing-based productive recall: 62 items × 3 levels; /drill + /attempt endpoints; Select→Drill→Summary with accepted-synonyms, localStorage weak-item prioritization, Retry missed only; 28 new tests; amended to restore iter 692 monologue wiring)
694	a3d80e7	2026-04-21	58	457	214	49	778	2563	2565	pass	7.25	kept	Tag Question Drill (produce tag + rising/falling intonation): /session (Copilot + ≥8-item fallback) + /attempt (normalized grade) + TagQuestionDrill page with chips/TTS Listen/results; 31 new tests; 2 pre-existing dashboard failures unrelated
695	ae5236b	2026-04-21	53	511	209	56	829	2574	2576	pass	7.55	kept	Tense Contrast Drill (past simple vs present perfect vs PPC): /session (Copilot + static fallback bank) + /submit + /stats, new tense_contrast_attempts table+migration, DAL, TenseContrast page with per-tense bars + retry-missed + Home CTA; 11 new tests; 2 pre-existing dashboard failures unrelated
696	d14bec5	2026-04-21	58	397	236	34	725	2587	2589	pass	7.35	kept	WH-Question Formation speaking drill (Jeopardy-style): /start (Copilot+seed fallback) + /grade endpoints, new wh_question_attempts table+migration, DAL, WhQuestionDrill page with TTS answer→mic→grade→per-wh summary+retry-missed + Home CTA; 13 new tests; 2 pre-existing dashboard failures unrelated
697	1b84f7b	2026-04-21	54	567	217	47	885	2611	2613	pass	7.80	kept	Error Correction typing drill (grammar repair): /start + /grade (Copilot+fallback) + /finish endpoints; 2 new tables (error_correction_sessions/items); word-level diff + JA explanation; ErrorCorrection page (category/level → textarea Enter-submit → red/green diff → summary) + Home CTA; 24 new tests; 2 pre-existing dashboard failures unrelated
698	5fbc1fe	2026-04-21T03:04:47+09:00	0	0	0	0	0	0	0	pass	7.0	keep	Minimal Pairs listening discrimination drill
699	76ba9f9	2026-04-21	60	849	224	34	1167	2646	2648	pass	7.25	discarded	Word Stress Placement drill (90-word bank × 3 levels + N/V confusables, /next /attempt /stats + new word_stress_attempts table, syllable-chip page, 20 new tests) — discarded by evaluator verdict despite pre-existing-only failures
700	8e51c46	2026-04-21	249	269	238	27	783	2645	2647	pass	7.75	kept	Connected Speech Decoder drill (reductions: gonna/wanna/whatcha/lemme/didja/kinda; TTS replay-limited listen→type expanded form; /session /attempt /stats + curated JSON bank + new connected_speech_attempts table+migration + Home CTA; 19 new tests; 2 pre-existing dashboard failures unrelated)
